Код;Основное средство;Код УКТ ЗЕД;Вид кода;Сумма;Описание УКТЗЕД
ЦДУ-00082;Dell Inspiron 3477 (347i34H1IHD-LBK);;;3 378,98;
ЦДУ-01424;EMX-E16E+Eth плата станційна;;;4 568,81;
ЦДУ-01425;EMX-E16S+Eth блок абонентський;;;5 091,59;
ЦДУ-01426;EOE-01 корпус для EMX-xxE;;;446,56;
ЦДУ-01427;Fiber making machine (30W, 300*300mm size);;;0,01;
ЦДУ-00083;Ip-камера Dahua IPC-HFW11200SP;;;391,88;
ЦДУ-00084;IP-телефон Yealink SIP-T19;;;275,00;
ЦДУ-00085;IP-телефон Yealink SIP-T19;;;239,39;
ЦДУ-00086;IP-телефон Yealink SIP-T19;;;239,34;
ЦДУ-00087;IP-телефон Yealink SIP-T19;;;275,00;
ЦДУ-00088;IP-телефон Yealink SIP-T19;;;239,34;
ЦДУ-00089;IP-телефон Yealink SIP-T19;;;239,34;
ЦДУ-00090;IP-телефон Yealink SIP-T19;;;275,00;
ЦДУ-00091;IP-телефон Yealink SIP-T19;;;239,39;
ЦДУ-00092;IP-телефон Yealink SIP-T21;;;265,47;
ЦДУ-00093;IP-телефон Yealink SIP-T21;;;265,42;
ЦДУ-00094;Laser cuting machine MPS-X7C;;;450 278,37;
ЦДУ-00095;Laser Cutting System G3015MF-IPG1000;;;16 930,42;
ЦДУ-00096;Lenovo IdeaCentre AIO 720-24 IKB;;;3 663,33;
ЦБ-001732;Mould/  Набір молдів під нову моторну групу (6 шт) Заслонка адаптера;8487 90 57 00 ;Импортированный товар;23 666,67;Частини машин або механічних пристроїв
ЦБ-001728;Mould/  Набір молдів під нову моторну групу (6 шт) Корпус вентилятора лівий;8487 90 57 00 ;Импортированный товар;23 666,67;Частини машин або механічних пристроїв
ЦБ-001729;Mould/  Набір молдів під нову моторну групу (6 шт) Корпус вентилятора правий 140Вт;8487 90 57 00 ;Импортированный товар;23 666,67;Частини машин або механічних пристроїв
ЦБ-001730;Mould/  Набір молдів під нову моторну групу (6 шт) Корпус вентилятора правий 150Вт;8487 90 57 00 ;Импортированный товар;23 666,66;Частини машин або механічних пристроїв
ЦБ-001733;Mould/  Набір молдів під нову моторну групу (6 шт) Крильчатка;8487 90 57 00 ;Импортированный товар;23 666,67;Частини машин або механічних пристроїв
ЦБ-001731;Mould/  Набір молдів під нову моторну групу (6 шт) Перехідник адаптера;8487 90 57 00 ;Импортированный товар;23 666,66;Частини машин або механічних пристроїв
ЦДУ-00097;PoE-інжектор TENDA PoE15F 15W;;;72,42;
ЦДУ-00098;Press brake WC67K-40/2500;;;0,01;
ЦДУ-00099;Samsung AR12HQFSAWKNER кондиціонер 3;;;1 516,35;
ЦДУ-00100;Samsung AR12HQFSAWKNER кондиціонер 4;;;1 516,31;
ЦДУ-00101;TOP SIDE PANEL комплект штампів для виготовлення верхньої панелі газової поверхні (1);;;8 986,81;
ЦДУ-00102;TOP SIDE PANEL комплект штампів для виготовлення верхньої панелі газової поверхні (1);;;8 986,81;
ЦДУ-00103;TOP SIDE PANEL комплект штампів для виготовлення верхньої панелі газової поверхні (1);;;8 986,81;
ЦДУ-00104;TOP SIDE PANEL комплект штампів для виготовлення верхньої панелі газової поверхні (1);;;8 986,81;
ЦДУ-00105;TOP SIDE PANEL комплект штампів для виготовлення верхньої панелі газової поверхні (1);;;8 986,81;
ЦДУ-00106;TOP SIDE PANEL комплект штампів для виготовлення верхньої панелі газової поверхні (4);;;17 337,03;
ЦДУ-00107;U-PROFILE молд;;;238,26;
ЦДУ-00108;U-PROFILE молд;;;238,26;
ЦДУ-00109;U-PROFILE молд;;;238,26;
ЦДУ-00110;U-PROFILE молд;;;238,26;
ЦДУ-00111;U-PROFILE молд;;;238,26;
ЦДУ-00112;U-PROFILE молд;;;4 207,00;
ЦДУ-00113;U-PROFILE молд;;;4 206,96;
ЦДУ-00114;U-PROFILE молд;;;4 207,00;
ЦДУ-00115;U-PROFILE молд;;;4 220,29;
ЦДУ-00116;U-PROFILE молд;;;4 220,34;
ЦДУ-00117;WI-FI точка доступу MikroTik RB951G-2HnD;;;489,50;
ЦДУ-00118;WiFi-адаптер ASUS USB-N53 802.11 a/n 300 Mbps;;;124,99;
ЦДУ-00119;Автозагрузчик 300 G;;;2 291,67;
ЦДУ-00120;автозагрузчик STL700 (Auto loader: STL700);;;0,01;
ЦДУ-00121;Автокомпресор Solar AR204;;;73,70;
ЦДУ-00122;Автокомпресор Solar AR204;;;73,65;
ЦДУ-00123;Автомобіль FORD Transit_Ford Transit Minibus R410L3H2 Trend 2.0 Ecoblue TDCi130PS MT6-220-WF0MXXTTRM;;;1 208 333,33;
ЦДУ-00127;Автостоянка;;;52 897,26;
ЦДУ-00128;Автотранформатор TDGC-0.5 (2A);;;372,40;
ЦДУ-00129;Автохолодильник TR-124A (12V/230V);;;145,84;
ЦДУ-00130;Агрегат насосний К80-50-200(К45/55)ел.двиг.15квт 3000об/хв;;;2 158,20;
ЦДУ-00131;Агрегат насосний К80-50-200(К45/55)ел.двиг.15квт 3000об/хв;;;2 158,20;
ЦДУ-00132;Агрегат підготовки поверхні перед порошковим фарбуванням, комбінований;;;0,01;
ЦДУ-00133;Адаптер Z-2 USB 1;;;0,01;
ЦДУ-00134;Акумулятор пара (лінія пінопласту);;;3 437,50;
ЦДУ-00135;Акумулятор пара (січень 2015р.);;;0,01;
ЦДУ-00136;Акумулятор пара АПГ-1000;;;51 813,65;
ЦДУ-00137;Акумуляторна батарея CSB12B7.2 Ач;;;156,29;
ЦБ-003351;Акумуляторний дриль-гайковерт Bosch GDR 120 - Li;8467 21 10 00 ;Импортированный товар;2 507,50;Дрилі всіх видів з електричним двигуном
ЦБ-003304;Акумуляторний дриль-шуруповерт Dnipro-M CD-120HQ;8467 21 10 00 ;Импортированный товар;932,75;Дрилі всіх видів з електричним двигуном
ЦБ-003305;Акумуляторний дриль-шуруповерт Dnipro-M CD-120HQ;8467 21 10 00 ;Импортированный товар;932,75;Дрилі всіх видів з електричним двигуном
ЦДУ-00138;Акумуляторний дриль-шурупокрут Bosch Professional GSR 180-LI (0619F8100) / зборка 1;;;617,45;
ЦДУ-00139;Акумуляторний дриль-шурупокрут Bosch Professional GSR 180-LI (0619F8100) / зборка 2;;;617,45;
ЦДУ-00140;Акумуляторний дриль-шурупокрут Bosch Professional GSR 180-LI (0619F8100) / зборка 3;;;617,45;
ЦДУ-00141;Акумуляторний дриль-шурупокрут Bosch Professional GSR 180-LI (0619F8100)- зборка 1;;;577,96;
ЦДУ-00142;Акумуляторний дриль-шурупокрут Bosch Professional GSR 180-LI (0619F8100)- зборка 2;;;577,96;
ЦДУ-00143;Акумуляторний дриль-шурупокрут Bosch Professional GSR 180-LI (0619F8100)- зборка 3;;;577,96;
ЦДУ-00144;Акумуляторний дриль-шурупокрут Bosch Professional GSR 180-LI (0619F8100)/1;;;577,96;
ЦДУ-00145;Акумуляторний дриль-шурупокрут Bosch Professional GSR 180-LI (0619F8100)/зварка 1;;;577,96;
ЦБ-003329;Акумуляторний дриль-шурупокрут Dnipro-M CD-120HQ;8467 21 10 00 ;Импортированный товар;844,67;Дрилі всіх видів з електричним двигуном
ЦБ-003330;Акумуляторний дриль-шурупокрут Dnipro-M CD-120HQ;8467 21 10 00 ;Импортированный товар;844,67;Дрилі всіх видів з електричним двигуном
ЦБ-003347;Акумуляторний дриль-шурупокрут Dnipro-M CD-120HQ;8467 21 10 00 ;Импортированный товар;903,00;Дрилі всіх видів з електричним двигуном
ЦБ-003348;Акумуляторний дриль-шурупокрут Dnipro-M CD-120HQ;8467 21 10 00 ;Импортированный товар;903,00;Дрилі всіх видів з електричним двигуном
ЦБ-003275;Акумуляторний дриль-шурупокрут Dnipro-M CD-120HQ;8467 21 10 00 ;Импортированный товар;910,00;Дрилі всіх видів з електричним двигуном
ЦБ-003276;Акумуляторний дриль-шурупокрут Dnipro-M CD-120HQ;8467 21 10 00 ;Импортированный товар;910,00;Дрилі всіх видів з електричним двигуном
ЦДУ-00146;Акумуляторний інструмент (шуруповерт METABO BS 14,4 Li);;;773,44;
ЦДУ-00147;Акумуляторний інструмент (шуруповерт METABO BS 14,4 Li);;;773,44;
ЦДУ-00148;Акумуляторний інструмент (шуруповерт METABO BS 14,4 Li);;;1 082,72;
ЦДУ-00149;Акумуляторний інструмент BOSH GSR 12-2;;;711,56;
ЦДУ-00150;Акумуляторний інструмент BOSH GSR 12-2;;;711,56;
ЦДУ-00151;Акумуляторний інструмент BOSH GSR 12-2;;;711,56;
ЦДУ-00152;Акумуляторний інструмент GSR 12-2 V BR+набір бит;;;610,50;
ЦДУ-00153;Акумуляторний інструмент GSR 12-2 V BR+набір бит;;;610,50;
ЦДУ-00154;Акумуляторний інструмент GSR 12-2 V BR+набір бит;;;576,58;
ЦДУ-00155;Акумуляторний інструмент GSR 12-2 V BR+набір бит;;;610,50;
ЦДУ-00156;Акумуляторний інструмент GSR 12-2 V BR+набір бит;;;610,50;
ЦДУ-00157;Акумуляторний інструмент GSR 12-2 V BR+набір бит;;;610,50;
ЦДУ-00158;Акумуляторний інструмент GSR 12-2 V BR+набір бит;;;610,50;
ЦДУ-00159;Акумуляторний інструмент GSR 12-2 V BR+набір бит;;;610,50;
ЦДУ-00160;Акумуляторний інструмент GSR 12-2 V BR+набір бит;;;610,50;
ЦДУ-00161;Акумуляторний інструмент GSR 12-2 V BR+набір бит;;;576,58;
ЦДУ-00162;Акумуляторний інструмент GSR 12-2 V BR+набір бит;;;576,58;
ЦДУ-00163;Акумуляторний інструмент GSR 12-2 V BR+набір бит;;;610,50;
ЦДУ-00164;Акумуляторний шурупокрут BOSCH Li-lon GSR 1800-LI 1;;;577,31;
ЦДУ-00165;Акумуляторний шурупокрут BOSCH Li-lon GSR 1800-LI 2;;;577,31;
ЦДУ-00166;Акумуляторний Шурупокрут BOSCH Li-lon GSR 1800-LI 4;;;577,31;
ЦДУ-00167;Акумуляторный шурупокрут BOSCH Li-lon GSR 1800-LI 5;;;577,31;
ЦДУ-00168;Акустична система Sven 312 black;;;42,58;
ЦДУ-00169;Акустична система Sven 312 black;;;42,58;
ЦДУ-00170;Акустична система Sven 312 black;;;42,63;
ЦДУ-00171;Акустична система Sven 312 black;;;42,58;
ЦДУ-00172;Акустична система Sven 312 black;;;42,58;
ЦДУ-00173;Апарат для аргонового зварювання №1;;;4 685,14;
ЦДУ-00174;Апарат для аргонового зварювання №2;;;4 685,14;
ЦДУ-00175;Апарат для зварювання Picomig 180 puls TGE №1;;;26 261,69;
ЦДУ-00176;Апарат для зварювання Picomig 180 puls TGE №2;;;0,01;
ЦДУ-00177;Апарат для зварювання Tetrix 200 Comfort 8P GE;;;0,01;
ЦДУ-00178;Апарат для зварювання Tetrix 200 Comfort 8P GE(на духовки);;;5 898,18;
ЦДУ-00179;Апарат для нагр. охолодж. води V 208 F;;;508,75;
ЦДУ-00180;Апарат для очищення Меджик Клінер Stand Alone;;;89 174,78;
ЦДУ-00181;Багатоф. лічильник EMS 132.41.4 с RS485 (Код УКТЗЕД 9028301900);;;1 870,00;
ЦДУ-00182;Багатофункціональний обжимний інструмент DIGITUS;;;163,63;
ЦДУ-00183;Багатофункціональний принтер HP LJ Pro M426fdn;;;2 475,00;
ЦДУ-00184;Багатофункціональний пристрій НР LaserJet Pro M426fdn(F6W14A);;;1 930,20;
ЦДУ-00185;Багатофункціональний пристрій НР LaserJet Pro M426fdn(F6W14A) / 3;;;2 135,64;
ЦДУ-00186;Бак приготування розчину з насосом;;;0,01;
ЦДУ-00187;Безперебійник Mustek PowerMust 600;;;284,28;
ЦДУ-00188;Безперебійник Mustek PowerMust 600;;;284,28;
ЦДУ-00189;Безперебійник Mustek PowerMust 600;;;276,01;
ЦДУ-00190;Безперебійник Mustek PowerMust 600;;;276,01;
ЦДУ-00191;Безперебійник Mustek PowerMust 600 Offline 600VA/300W (600-LED-O;;;308,81;
ЦДУ-00192;Безперебійник Mustek PowerMust 600 Offline 600VA/300W (600-LED-O;;;308,81;
ЦДУ-00193;Безперебійник Mustek PowerMust 600 Offline 600VA/300W (600-LED-O;;;308,81;
ЦДУ-00194;Безпровідний комплект Dell KM636 Wireless Keyboard and Mouse Black;;;216,75;
ЦДУ-00195;Бензиновий тріммер Foresta FC-52 LX-1;;;0,01;
ЦДУ-00196;Бензогенератор зварювальний FORTE FG6500EW -потужність 5кВт;;;0,01;
ЦДУ-00197;Бензопила EFCO MT 770 Professional ITALY;;;737,09;
ЦДУ-00198;Бензопила ланцюгова Oleo-Mac GS650;;;2 697,83;
ЦДУ-00199;Бензопила ціпна Partner 842;;;1 210,00;
ЦДУ-00200;Бетонозмішувач 400л;;;1 140,77;
ЦДУ-00201;Бетонозмішувач СМ-125;;;920,24;
ЦДУ-00202;Бетонолом БК-3;;;2 160,78;
ЦДУ-00203;Бігувально-висікальна машина ML 750;;;0,01;
ЦДУ-00204;Біотуалет;;;1 544,22;
ЦДУ-00205;Блок живлення ADAPTER EXT AC 120W;;;419,19;
ЦДУ-00206;Блок живлення ADAPTER EXT AC 120W;;;419,24;
ЦДУ-00207;Блок живлення Aerocool VX-500 500W;;;170,36;
ЦДУ-00208;Блок живлення Aerocool VX-500 500W;;;170,32;
ЦДУ-00209;Блок живлення ATX 450 W, короб очний, APFC, 14 см вент, 80+;;;155,15;
ЦДУ-00210;Блок живлення ATX 450 W, короб очний, APFC, 14 см вент, 80+;;;155,10;
ЦДУ-00211;Блок форма;;;0,01;
ЦДУ-00212;Бороздоділ Sparky Professional FK 3014;;;1 088,13;
ЦДУ-00213;Будівля , Цех №5, Склад №1 (Ж);;;4 864 925,45;
ЦДУ-00214;Будівля водонапірної станції (Л);;;2 495,86;
ЦДУ-00215;Будівля охорони (И);;;3 961,92;
ЦДУ-00216;Будівля, Котельня (З);;;116 513,19;
ЦДУ-00217;Будівля, Насосна станція перекачки (Н);;;2 537,60;
ЦДУ-00218;Будівля, Склад (М);;;4 449,22;
ЦДУ-00219;Будівля, Склад (П);;;907,50;
ЦДУ-00220;Будівля, Склад №2 (Д);;;3 081,51;
ЦДУ-00221;Будівля, Склад №3 (Е);;;487 270,88;
ЦДУ-00222;Будівля, Цех №1 (А);;;963 425,95;
ЦДУ-00223;Будівля, Цех №3 (В);;;19 433,07;
ЦДУ-00224;Будівля, Цех №4 (Є);;;740 550,78;
ЦДУ-00225;Будівля, Цех №6 (Г);;;440 963,85;
ЦДУ-00226;Буділя, Склад (О);;;3 298,36;
ЦДУ-00227;БФП HP LaserJet Pro M426dw with Wi-Fi;;;2 037,80;
ЦДУ-00228;БФП А3 ч/б XEROX WC 5016;;;4 262,51;
ЦДУ-00229;Ваги DB-60Н;;;1 283,34;
ЦДУ-00230;Ваги SW-2;;;6 034,74;
ЦДУ-00231;Ваги електронны ВН-150-1Д-А (ЖК) (400х540);;;1 057,06;
ЦДУ-00232;Ваги кранові OSB-5t-XZC2;;;3 880,55;
ЦДУ-00233;Ваги товарні Barap VB-P 150 LED зі стійкістю 150 кг;;;583,64;
ЦДУ-00234;Вагончик- прохідна;;;2 583,50;
ЦДУ-00235;Вагончик- прохідна 2;;;46 003,09;
ЦДУ-00236;Вальці ручні;;;5 416,78;
ЦДУ-00237;Вальці ручні ВВМ 1000 НОLZMANN;;;0,01;
ЦДУ-00238;Ввідно розподільчий пристрій ВРП( без лічильника );;;109 999,89;
ЦДУ-00239;Вентилятор ВЦ 4-75 №2,5 с дв. 0,25/1500;;;544,27;
ЦДУ-00240;Вентилятор ВЦ14-46 №4 (двигун 4 квт*1500об);;;1 177,73;
ЦДУ-00241;Вентилятор ВЦ-14-46-2,5 дв 0,55/1500;;;733,33;
ЦДУ-00242;Вентилятор з електродвигуном FUA-3000/SP;;;2 314,36;
ЦДУ-00243;Верстат вальцювальний RM1000/фільтра;;;17 975,16;
ЦДУ-00244;Верстат вертикально-фрезерний модель 6Р13,;;;0,01;
ЦДУ-00245;Верстат для зачистки та обрізки проводів ZDBX-10;;;15 583,35;
ЦДУ-00246;Верстат для згинання дроту;;;0,01;
ЦДУ-00247;Верстат для різання металу Q11-3*1500;;;19 010,12;
ЦДУ-00248;Верстат для різання пінопласту;;;2 136,52;
ЦДУ-00249;Верстат токарно-гвинторізний, моделі 1К62 б/в (7064);;;0,01;
ЦДУ-00250;"Верстат універсально-шліфувальний, моделі ""Fortuna""";;;0,01;
ЦДУ-00251;Вертикальний свердлувальний верстат Z 5032 А;;;0,01;
ЦДУ-00252;Видувна машина TVD-1L;;;141 166,86;
ЦДУ-00253;"Видувна форма для акумулятора холоду ""Крижинка"" 175 * 92 * 30 mm №1";;;4 445,01;
ЦДУ-00254;"Видувна форма для акумулятора холоду ""Крижинка"" 175 * 92 * 30 mm №2";;;4 445,01;
ЦДУ-00255;Видувна форма для акумулятора холоду “Campingaz” M10 №1;;;4 125,01;
ЦДУ-00256;Видувна форма для акумулятора холоду “Campingaz” M10 №2;;;4 125,01;
ЦДУ-00257;Видувна форма для акумулятора холоду “Campingaz” M20 №1;;;4 583,34;
ЦДУ-00258;Видувна форма для акумулятора холоду “Campingaz” M20 №2;;;4 583,34;
ЦДУ-00259;Видувна форма для акумулятора холоду “Плоска” 250*140*16 mm №1;;;4 215,89;
ЦДУ-00260;Видувна форма для акумулятора холоду “Плоска” 250*140*16 mm №2;;;4 215,85;
ЦДУ-00261;Винтовой станок (1);;;687,50;
ЦДУ-00262;Виробнича лінія для нанесення емалі;;;1 430 211,32;
ЦДУ-00263;Виробнича лінія фарбування;;;3 794 592,91;
ЦДУ-00264;Висічний штамп ( Набір для гриля );;;377,24;
ЦДУ-00265;Високошвидкісний точний токарний станок Euro Omega;;;0,01;
ЦДУ-00266;Висушувач повітря DryAir DK-40;;;6 750,51;
ЦДУ-00267;Висушувач повітря DryAir DK-40(2);;;4 653,32;
ЦДУ-00268;Висушувач повітря DryAir DK-80;;;14 314,78;
ЦДУ-00269;Висушувач повітря DryAir DK-90;;;43 208,83;
ЦДУ-00270;Висушувач повітря DryAir DK-90;;;8 316,90;
ЦДУ-00271;Витратомір електромагнітний ПРЕМ-UA Dn 65, з індикацією, блоком живлення;;;22 658,80;
ЦДУ-00272;Витяжна вентиляційна система топкової цеху №1;;;2 300,18;
ЦДУ-00273;Витяжна вентиляційна система топкової цеху №2;;;3 526,64;
ЦДУ-00274;Вібратор глибинний електромеханічний ручний JB160 (в зборі);;;4 088,31;
ЦДУ-00275;Вібраційна шліфувальна машина Bosch GSS 23 A 1;;;324,90;
ЦДУ-00276;Відеоспостереження;;;192 565,20;
ЦДУ-00277;Візок 1;;;0,01;
ЦДУ-00278;Візок 1 Цех №1;;;151,71;
ЦДУ-00279;Візок 10;;;0,01;
ЦДУ-00280;Візок 11;;;0,01;
ЦДУ-00281;Візок 12;;;0,01;
ЦДУ-00282;Візок 13;;;0,01;
ЦДУ-00283;Візок 14;;;0,01;
ЦДУ-00284;Візок 15;;;0,01;
ЦДУ-00285;Візок 16;;;0,01;
ЦДУ-00286;Візок 17;;;0,01;
ЦДУ-00287;Візок 18;;;0,01;
ЦДУ-00288;Візок 19;;;0,01;
ЦДУ-00289;Візок 2;;;0,01;
ЦДУ-00290;Візок 2 Цех №1;;;151,71;
ЦДУ-00291;Візок 20;;;0,01;
ЦДУ-00292;Візок 21;;;0,01;
ЦДУ-00293;Візок 22;;;0,01;
ЦДУ-00294;Візок 23;;;0,01;
ЦДУ-00295;Візок 24;;;0,01;
ЦДУ-00296;Візок 25;;;0,01;
ЦДУ-00297;Візок 26;;;0,01;
ЦДУ-00298;Візок 27;;;0,01;
ЦДУ-00299;Візок 28;;;0,01;
ЦДУ-00300;Візок 29;;;0,01;
ЦДУ-00301;Візок 3;;;0,01;
ЦДУ-00302;Візок 3 Цех №1;;;151,71;
ЦДУ-00303;Візок 30;;;0,01;
ЦДУ-00304;Візок 31;;;0,01;
ЦДУ-00305;Візок 32;;;0,01;
ЦДУ-00306;Візок 33;;;0,01;
ЦДУ-00307;Візок 34;;;0,01;
ЦДУ-00308;Візок 35;;;0,01;
ЦДУ-00309;Візок 36;;;0,01;
ЦДУ-00310;Візок 37;;;0,01;
ЦДУ-00311;Візок 38;;;0,01;
ЦДУ-00312;Візок 39;;;0,01;
ЦДУ-00313;Візок 4;;;0,01;
ЦДУ-00314;Візок 4 Цех №1;;;151,66;
ЦДУ-00315;Візок 40;;;0,01;
ЦДУ-00316;Візок 41;;;0,01;
ЦДУ-00317;Візок 42;;;0,01;
ЦДУ-00318;Візок 43;;;0,01;
ЦДУ-00319;Візок 5;;;0,01;
ЦДУ-00320;Візок 5 Цех №1;;;151,71;
ЦДУ-00321;Візок 6;;;0,01;
ЦДУ-00322;Візок 6 Цех №1;;;151,66;
ЦДУ-00323;Візок 7;;;0,01;
ЦДУ-00324;Візок 8;;;0,01;
ЦДУ-00325;Візок 9;;;0,01;
ЦДУ-00326;Візок гідравлічний 2,5т/1150мм (рокла);;;1 068,93;
ЦДУ-00327;Візок гідравлічний 2,5т/1150мм (рокла);;;1 069,48;
ЦДУ-00328;Візок гідравлічний 2,5т/1150мм (рокла)2;;;1 069,43;
ЦДУ-00329;Візок гідравлічний 2,5т/1150мм (рокла)3;;;1 080,98;
ЦДУ-00330;Візок гідравлічний DFE 20.1150;;;0,01;
ЦДУ-00331;Візок гідравлічний VULKAN 2.0т/1150мм (рокла);;;0,01;
ЦДУ-00332;Візок гідравлічний КА -25П;;;1 269,59;
ЦДУ-00333;візок гідравлічний модель АС-П;;;1 512,50;
ЦДУ-00334;Візок ручний гідравлічний 1150х550х85мм, ролики здвоєні пол/пол. 80х70 рульове колесо D200мм;;;1 022,86;
ЦБ-003274;"Візок універсальний TOPEX ""Млинарка"" вантажний, 120 кг";8716800000    ;Импортированный товар;603,75;Інші транспортні засоби
ЦДУ-00335;Вогнегасник ВП-3 (1);;;0,01;
ЦДУ-00336;Вогнегасник ВП-3 (2);;;0,01;
ЦДУ-00337;Вогнегасник ВП-3 (3);;;0,01;
ЦДУ-00338;Вогнегасник ВП-3 (4);;;0,01;
ЦДУ-00339;Вогнегасник ВП-3 (5);;;0,01;
ЦДУ-00340;Вогнегасник ВП-3 (6);;;0,01;
ЦДУ-00341;Вогнегасник ВП-5 (з);;;0,01;
ЦДУ-00342;Вогнегасник ВП-50 (ОП-50) (1);;;0,01;
ЦДУ-00343;Вогнегасник ВП-50 (ОП-50) (2);;;0,01;
ЦДУ-00344;Вогнегасник ВП-50 (ОП-50) (3);;;0,01;
ЦДУ-00345;Вогнегасник ВП-50 (ОП-50) (4);;;0,01;
ЦДУ-00346;Вогнегасник ВП-50 (ОП-50) (5);;;0,01;
ЦДУ-00347;Вогнегасник ВП-9 (3 (1);;;0,01;
ЦДУ-00348;Вогнегасник ВП-9 (3 (2);;;0,01;
ЦДУ-00349;Вогнегасник ВП-9 (3 (3);;;0,01;
ЦДУ-00350;Вогнегасник ВП-9 (3 (4);;;0,01;
ЦДУ-00351;Вогнегасник ВП-9 (3 (5);;;0,01;
ЦДУ-00352;Вогнегасник ВП-9(3);;;583,33;
ЦДУ-00353;Вогнегасник ВП-9(3);;;583,33;
ЦДУ-00354;Вогнегасник ВП-9(3);;;583,33;
ЦДУ-00355;Вогнегасник ВП-9(3);;;583,33;
ЦДУ-00356;Вогнегасник ВП-9(3);;;583,33;
ЦДУ-00357;Вогнегасник ВП-9(3);;;583,33;
ЦДУ-00358;Вогнегасник ВП-9(3);;;583,33;
ЦДУ-00359;Вогнегасник ВП-9(3);;;583,33;
ЦДУ-00360;Вогнегасник ВП-9(3);;;583,33;
ЦДУ-00361;Вогнегасник ВП-9(3);;;583,33;
ЦДУ-00362;Вогнегасник вуглекислотний ВВК-28 (ОУ-40);;;2 206,92;
ЦДУ-00363;Вогнегасник ОП-100 (ВП-100);;;0,01;
ЦДУ-00364;Водопідготовка ОГ 635 №1;;;1 787,50;
ЦДУ-00365;Водопідготовка ОГ 635 №2;;;1 787,50;
ЦДУ-00366;Водопровідні мережі заводу;;;907,50;
ЦДУ-00367;ВПУ-1;;;0,01;
ЦДУ-00368;Гвинтовий компресор на ресівері TIDY 10;;;0,01;
ЦДУ-00369;Гідравличний прес 100 Т;;;56 500,89;
ЦДУ-00370;Гідравлічна згинальна машина;;;32 710,88;
ЦДУ-00371;Гідравлічний верстат для згинання (SMART XL 1550 мм х 40 ТОН) (2);;;142 306,64;
ЦДУ-00372;Гідравлічний верстат для згинання з NC системою (навантаження 40 тон, довжина столу 2000мм);;;40 310,47;
ЦДУ-00373;Гідравлічний верстат для згинання з NC системою (навантаження 40 тон, довжина столу 2000мм) №2;;;40 310,47;
ЦДУ-00374;Гідравлічний згинальний станок (SMART XL 1550 мм х 40 ТОН);;;142 306,64;
ЦДУ-00375;Гідравлічний листозгинальний станок;;;13 542,05;
ЦДУ-00376;Гідравлічний листозгинальний станок;;;8 250,00;
ЦДУ-00377;Гільйотина Shearing machine QC12-4X2500;;;41 835,35;
ЦДУ-00378;Гільотина 1,2м Eur Omega Q11-3 x 1200;;;0,01;
ЦДУ-00379;Гільотина 2,5м Eur Omega Q11-3 x2500;;;0,01;
ЦДУ-00380;ДБЖ FSP NANO-600 w/Active PFC;;;341,31;
ЦДУ-00381;ДБЖ Mustek 636 (600VA);;;315,56;
ЦДУ-00382;ДБЖ Mustek 848 (800VA);;;337,33;
ЦДУ-00383;ДБЖ Mustek 848 (800VA);;;339,85;
ЦДУ-00384;ДБЖ Mustek 848 (800VA);;;339,85;
ЦДУ-00385;ДБЖ Mustek PowerMust 848 (800VA);;;351,68;
ЦДУ-00386;ДБЖ Powercom KIN1000AP RM1U;;;0,01;
ЦДУ-00387;ДБЖ АРС Smart- UPS 2200 (SUA 22001);;;3 852,89;
ЦДУ-00388;Двері металеві;;;0,16;
ЦДУ-00389;Дві цегляні димові труби;;;453,75;
ЦДУ-00390;Джерело безпебійного живлення EAST EA-600 Schuko;;;260,06;
ЦДУ-00391;Джерело безпебійного живлення EAST EA-600 Schuko;;;267,35;
ЦДУ-00392;Джерело безпебійного живлення Mustek PowerMust 636 600 VA;;;299,52;
ЦДУ-00393;Джерело безпебійного живлення Mustek PowerMust 636 600 VA;;;299,52;
ЦДУ-00394;Джерело безпереб. живлення АРС;;;341,31;
ЦДУ-00395;Джерело безперебійного живлення APC Back-UPS 1100VA (BX1100CI-RS);;;770,18;
ЦДУ-00396;Джерело безперебійного живлення APC Back-UPS 1100VA (BX1100CI-RS);;;770,18;
ЦДУ-00397;Джерело безперебійного живлення APC Back-UPS ЕS 400 VA;;;420,66;
ЦБ-003469;Джерело безперебійного живлення Eaton Ellipse PRO, 650VA/400W, LCD, USB, 4xSchuko, 9207-43388;8504 40 30 00 ;Импортированный товар;8 277,50;Джерела безперебійного живлення
ЦБ-003466;Джерело безперебійного живлення Eaton Ellipse PRO, 850VA/510W, LCD, USB, 4xSchuko, 9207-53086;8504 40 30 00 ;Импортированный товар;8 277,50;Джерела безперебійного живлення
ЦБ-003467;Джерело безперебійного живлення Eaton Ellipse PRO, 850VA/510W, LCD, USB, 4xSchuko, 9207-53086;8504 40 30 00 ;Импортированный товар;8 277,50;Джерела безперебійного живлення
ЦБ-003468;Джерело безперебійного живлення Eaton Ellipse PRO, 850VA/510W, LCD, USB, 4xSchuko, 9207-53086;8504 40 30 00 ;Импортированный товар;8 277,50;Джерела безперебійного живлення
ЦДУ-00398;Джерело безперебійного живлення LogicPower LP 850VA-6PS;;;201,16;
ЦДУ-00399;Джерело безперебійного живлення LogicPower LP 850VA-6PS;;;349,98;
ЦДУ-00400;Джерело безперебійного живлення LogicPower LP 850VA-6PS;;;388,16;
ЦДУ-00401;Джерело безперебійного живлення Mustek PowerMust 636 600VA Offline Schuko (98-;;;299,57;
ЦДУ-00402;Джерело безперебійного живлення Mustek PowerMust 636 600VA Offline Schuko (98-;;;288,80;
ЦДУ-00403;Джерело безперебійного живлення Mustek PowerMust 636 600VA Offline Schuko (98-;;;288,80;
ЦДУ-00404;Джерело безперебійного живлення Mustek PowerMust 636 600VA Offline Schuko (98-;;;299,52;
ЦДУ-00405;Джерело безперебійного живлення АPC Back-UPS 650VA (BX650CI-RS);;;474,24;
ЦДУ-00406;Джерело безперебійного живлення АPC Back-UPS 650VA (BX650CI-RS);;;469,38;
ЦДУ-00407;Джерело безперебійного живлення АРС Back-UPS 650VA (BX650CI-RS);;;464,06;
ЦДУ-00408;Джерело безперебійного живлення АРС Back-UPS 650VA (BX650CI-RS)1;;;927,85;
ЦДУ-00409;Джерело безперебійного живлення АРС Back-UPS 650VA (BX650CI-RS)2;;;927,85;
ЦДУ-00410;Джерело безперебійного живлення АРС Bakc-UPS 650 VA(BС650-RS);;;448,30;
ЦДУ-00411;Дизельгенератор тихий 1ф 13,6 кВт двиг. Lombardini 3000 об/хвил.;;;0,01;
ЦДУ-00412;Дорога;;;23 414,85;
ЦДУ-00413;Дорога на території заводу;;;10 331,39;
ЦДУ-00414;Драбина пересувна 3000 мм;;;1 032,87;
ЦДУ-00415;Дриль DeWalt, 701Вт;;;0,01;
ЦДУ-00416;Дриль ударна GSB 16 RE;;;604,61;
ЦДУ-00417;Дриль-шуруповерт DeWalt, XR Li-lon,18V;;;0,01;
ЦДУ-00418;Дробарка;;;0,01;
ЦДУ-00419;Дробарка для відходів пластика для акумуляторів холоду, 400мм;;;8 552,60;
ЦБ-003398;Ексцентрикова шліфмашина DeWalt (DWE6423)  N409457;8467 29 59 00 ;Импортированный товар;1 457,75;Електричні ручні інструменти з вбудованим двигуном
ЦБ-003397;Ексцентрикова шліфувальна машина GEX 125-1 АЕ;8467 21 99 00 ;Импортированный товар;1 490,83;Шліфувальні інструменти електричні
ЦДУ-00420;Електричні мережі заводу;;;1 365,84;
ЦДУ-00421;Електровикрутка Black Decker CS3651LC;;;155,87;
ЦДУ-00422;Електровикрутка Black Decker CS3651LC;;;184,34;
ЦДУ-00423;Електровикрутка Black Decker CS3651LC;;;155,87;
ЦДУ-00424;Електровикрутка Black Decker CS3651LC;;;155,87;
ЦДУ-00425;Електровикрутка Black Decker CS3651LC;;;155,87;
ЦДУ-00426;Електровикрутка Black Decker CS3651LC;;;155,87;
ЦДУ-00427;Електровикрутка Black Decker CS3651LC(2);;;184,34;
ЦДУ-00428;Електродриль MAKITA 6408;;;499,63;
ЦДУ-00429;Електроерозійна дротова Вирізна машина;;;0,01;
ЦДУ-00430;Електромагніт ЭД 11101 38ОВ;;;859,38;
ЦДУ-00431;Електростатичний пістолет до урн-2;;;5 721,52;
ЦДУ-00432;Електротельфер FPA 1000;;;0,01;
ЦБ-001715;Електрочайник BOSCH TWK3A013;8516 71 00 00 ;Импортированный товар;466,67;Кавоварки та чайники електричні
ЦБ-001725;Електрочайник PHILIPS HD-4646/70 Білий блакитний;8516 71 00 00 ;Импортированный товар;349,42;Кавоварки та чайники електричні
ЦБ-003311;Електрочайник TEFAL Delfini KO150130;8516 79 70 00 ;Импортированный товар;291,08;Електротермічні прилади побутові, інші
ЦБ-003315;Електрочайник TEFAL Delfini KO150130;8516 79 70 00 ;Импортированный товар;291,08;Електротермічні прилади побутові, інші
ЦДУ-00433;Електрочайник TEFAL GLASS KETTLE KI7;;;162,39;
ЦДУ-00434;Електрочайник TEFAL KO299830 / пінопласт;;;121,73;
ЦБ-003418;ЕлектрочайникSCARLETT SC-EK21S71;8516 71 00 00 ;Импортированный товар;400,17;Кавоварки та чайники електричні
ЦДУ-00435;Жалюзі вертикальні;;;0,01;
ЦДУ-00436;Жалюзі вертикальні;;;494,40;
ЦДУ-00437;Жалюзі вертикальні;;;230,17;
ЦДУ-00438;Жалюзі вертикальні;;;173,71;
ЦДУ-00439;Жалюзі вертикальні 2;;;173,71;
ЦДУ-00440;Жалюзі вертикальні 3;;;230,22;
ЦДУ-00441;Жалюзі вертикальні(4);;;173,75;
ЦДУ-00442;Жалюзі горизонтальн (2);;;142,22;
ЦДУ-00443;Жалюзі горизонтальні (1);;;142,27;
ЦДУ-00444;Жалюзі ролетного типу;;;454,85;
ЦДУ-00447;Завіса ПВХ 3650*4125, ребриста;;;7 082,05;
ЦДУ-00448;Завіса ПВХ 4170*4575, ребриста;;;8 846,54;
ЦДУ-00449;Завіса ПВХ 4350*4100, ребриста;;;8 274,31;
ЦДУ-00450;Завіса ПВХ СТ 3120*3650, ребриста;;;5 789,72;
ЦДУ-00451;Завіса ПВХ СТ 3300*3100, ребриста;;;1 875,00;
ЦДУ-00452;Завіса ПВХ СТ 3300*3100, ребриста(1);;;1 875,00;
ЦДУ-00453;Завіса ПВХ СТ 3300*3450, ребриста;;;2 083,37;
ЦДУ-00454;"Загорожа колюче-ріжуча спіральна ""Єгоза-Кайман""";;;13 518,83;
ЦДУ-00455;"Загорожа колюче-ріжуча спіральна ""Єгоза-Кайман""";;;27 087,50;
ЦДУ-00456;"Загорожа колюче-ріжуча спіральна ""Єгоза-Кайман"" 3";;;91 310,99;
ЦДУ-00457;Заземление переносное ЗПЛ-10/10кВт/;;;4 048,69;
ЦДУ-00458;Заземлення переносне ЗПП-15/10 кВт /;;;3 994,29;
ЦБ-003271;Заклепувальний інструмент GO-6-SP;8205          ;Товар;2 710,00;Інструменти ручні, включаючи алмазні стеклорізи
ЦБ-003272;Заклепувальний інструмент GO-6-SP;8205          ;Товар;2 710,00;Інструменти ручні, включаючи алмазні стеклорізи
ЦБ-003273;Заклепувальний інструмент GO-6-SP;8205          ;Товар;2 710,00;Інструменти ручні, включаючи алмазні стеклорізи
ЦДУ-00459;Заклепувальний інструмент GO-6-SP;;;748,50;
ЦДУ-00460;Заклепувальний інструмент GO-6-SP;;;748,50;
ЦДУ-00461;Заклепувальний інструмент GO-6-SP;;;748,50;
ЦДУ-00462;Заклепувальний інструмент GO-6-SP;;;703,38;
ЦДУ-00463;Заклепувальний інструмент GO-6-SP;;;703,38;
ЦДУ-00464;Заклепувальний інструмент GO-6-SP;;;703,38;
ЦДУ-00465;Заклепувальний інструмент GO-6-SP;;;703,38;
ЦДУ-00466;Заклепувальний інструмент GO-6-SP;;;703,38;
ЦДУ-00467;Запайщик плівки ПКИ 800С;;;1 832,01;
ЦДУ-00468;Збірна лінія конвеєрного типу №1 ремонт;;;170 028,65;
ЦДУ-00469;Збірна лінія конвеєрного типу №2;;;170 028,65;
ЦДУ-00470;Зварювальна колона;;;0,01;
ЦДУ-00471;Зварювальний апарат;;;2 415,05;
ЦДУ-00472;Зварювальний апарат ММА-200;;;1 420,84;
ЦДУ-00473;Зварювальний апарат-інвертор Патон ПСІ-200S DS (4005039);;;1 950,19;
ЦДУ-00474;Зварювальний верстат (комплект);;;70 478,25;
ЦДУ-00475;Зварювальний інветор Edion MMA-301 maxi;;;0,01;
ЦДУ-00476;Зварювач настільний з довжиною шва 900 мм;;;787,23;
ЦДУ-00477;Згинальний верстат (Bending machine);;;8 621,85;
ЦДУ-00478;Земельна ділянка, 0.851 га, кадастровий номер 3211300000:69:034:0061;;;55 000,00;
ЦДУ-00479;Земельна ділянка, 9.8335 га, кадастровий номер: 3211300000:69:034:0058;;;1 049 971,22;
ЦДУ-00480;Земельна ділянка, Києво-Святошинський р-н 1,3227га, кадастровий номер: 3222486600:04:004:0042;;;840 972,66;
ЦДУ-00481;Земельна ділянка, Києво-Святошинський р-н 1,3236 га, кадастровий номер: 3222486600:04:004:0041;;;841 544,88;
ЦДУ-00484;Змішувач 100 МН;;;2 291,67;
ЦДУ-00485;Знімач гідравлічний з виносним насосом ЗГ2-20;;;1 945,48;
ЦБ-003474;Зчитувач GC-01;8471 60 70 00 ;Импортированный товар;12 271,00;Пристрої введення або виведення даних
ЦБ-003476;Зчитувач GC-01;8471 60 70 00 ;Импортированный товар;12 271,00;Пристрої введення або виведення даних
ЦДУ-00486;Індикатор годинникового типу МІКРОТЕХ ИЧ-10,-0,01 КЛ.1;;;151,20;
ЦДУ-00487;Індікатор чергування фаз KS-1;;;2 291,67;
ЦДУ-00488;Інструмент для нарізки і зачищення дротів SWT-508;;;4 713,36;
ЦДУ-00489;Інструмент пресовий (фильера);;;7 161,47;
ЦДУ-00490;Інструмент пресовий (фільєра) ПТЗ-487;;;0,01;
ЦДУ-00491;Інтсрумент верхній на просічно-витяжну машину;;;967,83;
ЦДУ-00492;Інтсрумент верхній на просічно-витяжну машину (2);;;967,83;
ЦДУ-00493;Інтсрумент нижній на просечнo-витяжну машину;;;967,82;
ЦДУ-00494;Інтсрумент нижній на просечнo-витяжну машину (2);;;967,82;
ЦДУ-00495;Інфрачервоний пірометр Laserliner ThermoSport Plus;;;406,65;
ЦДУ-00496;КАВО МАШИНА DELO NGHI ECAM650.75;;;2 194,92;
ЦДУ-00497;Камера порошкового фарбування двухпостова ручна КН-;;;0,01;
ЦДУ-00498;Камера порошкового фарбування двухпостова ручна КН-;;;705,61;
ЦДУ-00499;Каркас візка ВВ 4/2 (1200х800мм);;;867,49;
ЦДУ-00500;Каркас візка ВВ 4/2 (1200х800мм)10;;;874,23;
ЦДУ-00501;Каркас візка ВВ 4/2 (1200х800мм)11;;;874,23;
ЦДУ-00502;Каркас візка ВВ 4/2 (1200х800мм)12;;;874,23;
ЦДУ-00503;Каркас візка ВВ 4/2 (1200х800мм)2;;;867,44;
ЦДУ-00504;Каркас візка ВВ 4/2 (1200х800мм)3;;;874,23;
ЦДУ-00505;Каркас візка ВВ 4/2 (1200х800мм)4;;;874,23;
ЦДУ-00506;Каркас візка ВВ 4/2 (1200х800мм)5;;;874,23;
ЦДУ-00507;Каркас візка ВВ 4/2 (1200х800мм)6;;;874,23;
ЦДУ-00508;Каркас візка ВВ 4/2 (1200х800мм)7;;;874,23;
ЦДУ-00509;Каркас візка ВВ 4/2 (1200х800мм)8;;;874,23;
ЦДУ-00510;Каркас візка ВВ 4/2 (1200х800мм)9;;;874,23;
ЦДУ-00511;Картридж HP LJ Pro MFP M426 (CF226X) Eco Line;;;647,44;
ЦДУ-00512;"КД і прес-форма на деталь ""Засувка""";;;24 792,66;
ЦДУ-00513;"КД і прес-форма на деталь ""коробка+стопор""";;;50 654,38;
ЦДУ-00514;"КД і прес-форма на деталь ""корпус+кришка""";;;40 415,93;
ЦДУ-00515;"КД і прес-форма на деталь ""Кронштейн+ накладка па""";;;34 171,87;
ЦДУ-00516;"КД і прес-форма на деталь ""Куточок""";;;18 561,70;
ЦДУ-00517;"КД і прес-форма на деталь ""Панель перемикача""";;;41 255,51;
ЦДУ-00518;"КД і прес-форма на деталь ""Равлик""";;;83 894,91;
ЦДУ-00519;"КД і прес-форма на деталь ""Ротор D140X55""";;;55 120,98;
ЦДУ-00520;"КД і прес-форма на деталь ""Скло""";;;20 995,04;
ЦДУ-00521;Кліше Margarita 640*610*550;;;926,75;
ЦДУ-00522;Кліше Villa;;;1 289,06;
ЦДУ-00523;Кліше Villa;;;1 289,06;
ЦДУ-00524;Кліше WildWind;;;1 346,13;
ЦДУ-00525;Кліше WildWind;;;1 346,13;
ЦДУ-00526;Кліше для друку (IcePack 750, 400);;;762,30;
ЦДУ-00527;Кліше для друку (Торнадо);;;1 098,03;
ЦДУ-00528;Кліше для друку емальованої поверхні;;;860,11;
ЦДУ-00529;Кліше для друку емальованої поверхні;;;480,79;
ЦДУ-00530;Кліше для друку Кемпінгаз М10, шт 1;;;599,15;
ЦДУ-00531;Кліщі-ватметр ВМ-155;;;6 875,01;
ЦДУ-00532;Комлексна трансформаторна підстанція 449 160 КВА;;;3 628,45;
ЦДУ-00533;Комлексна трансформаторна підстанція 826 250КВА;;;4 251,80;
ЦДУ-00534;"Комп""ютер ""All-in-one"" LENOVO C260 (57332148)";;;1 690,84;
ЦДУ-00535;Комп`ютер ASUS Vivo AiO V222GAK-WA003D Silver;;;2 065,75;
ЦДУ-00536;Комп`ютер ASUS Vivo AiO V222GAK-WA003D Silver (2);;;2 065,75;
ЦДУ-00537;Комп`ютер Dell Inspirion 3464 34i58H1G92-LBK) Black;;;4 477,97;
ЦДУ-00538;Комп`ютер Dell Inspiron 3477 (347і34Н1ІНD-LBK);;;3 575,51;
ЦДУ-00539;Компенсатор об'єму;;;843,33;
ЦДУ-00540;Комплексна трансформаторна підстанція;;;4 770,14;
ЦДУ-00541;Комплект вимірювальний К 505;;;1 695,84;
ЦДУ-00542;Комплект вимірювальний Приладдя К - 505;;;3 758,34;
ЦДУ-00543;Комплект електротехнічних щитів РУ-0,4 кВ;;;3 801,44;
ЦДУ-00544;Комплект штампів для виробництва частин духовки;;;240 931,12;
ЦДУ-00545;Комплект штампів для витяжок;;;287 839,86;
ЦДУ-00546;Комплект штампів для пробивки отворів (500 + 600 мм);;;0,01;
ЦДУ-00547;Комплект штампів на бокові панелі витяжки MH (Dropping mould);;;0,01;
ЦДУ-00548;Комплект штампів на бокові панелі витяжки MH (Moulding Mould);;;0,01;
ЦДУ-00549;Комплект штампів на каністру 20л;;;168 189,95;
ЦДУ-00550;комплект штампов RH60;;;0,01;
ЦДУ-00551;Комплект штампов для пробивки отверстий (500 + 600 мм);;;0,01;
ЦДУ-00552;Комплекти/Microsoft Sculpt Ergonomic Desktop (L5V-00017);;;463,88;
ЦДУ-00553;Компресор Aircast СБ4/С-100 LB30A;;;2 919,59;
ЦДУ-00554;Компресор гвинтовий TIDY 40 B;;;28 847,46;
ЦДУ-00555;Компресор гвинтовий на ресивері TIDY 15 (13 bar);;;30 461,77;
ЦДУ-00556;Компресор гвинтовий на ресивері TIDY 15 (13 bar)(2);;;23 331,56;
ЦДУ-00557;Компресор стаціонарний SEС221-7,5;;;0,01;
ЦДУ-00558;Компресорна заводу загальною площею 288 кв.м.;;;3 365,57;
ЦДУ-00559;Компрессор СВ4/С-100LВ50(РМ-3128.00);;;4 262,51;
ЦДУ-00560;Комп'ютер /Lenovo IdeaCentre C540(57-313081);;;3 712,64;
ЦДУ-00561;Комп'ютер Asus Vivo AiO V221IDUK-BA012D;;;4 250,45;
ЦДУ-00562;Комп'ютер Asus Vivo AiO V222GAK-WA003D Silver;;;2 047,88;
ЦДУ-00563;Комп'ютер BRAIN BUSINESS B300;;;1 313,54;
ЦДУ-00564;Комп'ютер BRAIN BUSINESS B300;;;1 313,49;
ЦДУ-00565;Комп'ютер BRAIN ULMATE B50;;;3 604,89;
ЦДУ-00566;Комп'ютер BRAIN ULMATE B50;;;3 604,93;
ЦДУ-00567;Комп'ютер BRAIN ULMATE B50;;;3 604,93;
ЦДУ-00568;Комп'ютер BRAIN ULMATE B50;;;3 604,89;
ЦДУ-00569;Комп'ютер HP 260 G2 DM;;;151,66;
ЦДУ-00570;Комп'ютер HP 260 G2 DM;;;1 539,36;
ЦДУ-00571;Комп'ютер Zalman Z1 (1);;;7 367,67;
ЦДУ-00572;Комп'ютер Zalman Z1 (2);;;6 981,89;
ЦДУ-00573;Комп'ютер Іntel P55,DDR3 4096MB, 1000GB,GF210;;;3 382,41;
ЦДУ-00574;Комп'ютер Іntel P55,DDR3 4096MB, 1000GB,GF210;;;3 382,41;
ЦДУ-00575;Комп'ютер Іntel P55,DDR3 4096MB, 1000GB,GF210;;;3 382,41;
ЦДУ-00576;Комп'ютер Іntel P55,DDR3 4096MB, 1000GB,GF210;;;3 382,41;
ЦДУ-00577;Комп'ютер Іntel P55,DDR3 4096MB, 1000GB,GF210;;;3 382,37;
ЦДУ-00578;Комутатор HP ProCurve Switch 1700-24(J9080A);;;908,14;
ЦДУ-00579;Комутатор MikroTik RB951G-2HnD;;;500,64;
ЦБ-003478;Комутатор Planet  IGS-10020PT;8517620000    ;Импортированный товар;20 217,50;Апаратура для прийому, перетворення, передавання або відновлення голосу
ЦБ-003479;Комутатор Planet  IGS-10020PT;8517620000    ;Импортированный товар;20 217,50;Апаратура для прийому, перетворення, передавання або відновлення голосу
ЦБ-003490;Комутатор PLANET GSW-2620HP;8517620000    ;Импортированный товар;12 500,00;Апаратура для прийому, перетворення, передавання або відновлення голосу
ЦБ-003438;Комутатор Planet IGS-624 HPT IP 30 6-port Gigabit Switch with u-Port 802.3 AT POE+ plus 2-port 100/1;8517620000    ;Импортированный товар;9 983,33;Апаратура для прийому, перетворення, передавання або відновлення голосу
ЦБ-003439;Комутатор Planet IGS-624 HPT IP 30 6-port Gigabit Switch with u-Port 802.3 AT POE+ plus 2-port 100/1;8517620000    ;Импортированный товар;9 983,34;Апаратура для прийому, перетворення, передавання або відновлення голосу
ЦДУ-00580;Комутатор Tenda TEG1008D;;;150,52;
ЦДУ-00581;Комутатор Tenda TEG1008D;;;150,56;
ЦДУ-00582;Комутатор TP-LINK TL-SF1048;;;533,91;
ЦДУ-00583;Комутатор TP-LINK TL-SG1016D;;;344,99;
ЦДУ-00584;Комутатор TP-LINK TL-SG1016D;;;380,51;
ЦДУ-00585;Комутатор TP-LINK TL-SG1016D;;;380,51;
ЦДУ-00586;Комутатор TP-LINK TL-SG1088x1GE;;;138,33;
ЦДУ-00587;Комутатор керований Mikrotik GRS125-24G-1S-RM;;;1 024,79;
ЦДУ-00588;Комутатор керований Mikrotik GRS125-24G-1S-RM;;;1 032,67;
ЦДУ-00589;Комутаційна стійка 42U;;;1 161,08;
ЦДУ-00590;Конвеєрний ланцюг в комплекті;;;72 376,16;
ЦДУ-00591;Конвектор ТЕРМІЯ ЕВНА-2,0/230 (сш);;;161,38;
ЦДУ-00592;"Конденсаторна установка КРМ ""ВЕГ"" 0,4 170/5 Індивідуальна ІР31";;;32 617,33;
ЦДУ-00593;"Конденсаторна установка КРМ ""ВЕГ"" 0,4 50/2 Індивідуальна 3 ІР54";;;15 459,77;
ЦДУ-00594;"Конденсаторна установка КРМ ""ВЕГ"" 0,4 75/5 Індивідуальна ІР31";;;16 904,83;
ЦДУ-00595;"Конденсаторна установка КРМ ""ВЕГ"" 0,4 85/5 нест";;;17 254,83;
ЦДУ-00596;Кондиционер LG;;;1 218,97;
ЦДУ-00597;Кондиционер Samsung AR12HQFSAWKNER 1;;;1 516,35;
ЦДУ-00598;Кондиціонер;;;1 117,19;
ЦДУ-00599;Кондиціонер;;;1 218,97;
ЦДУ-00600;Кондиціонер;;;1 218,97;
ЦДУ-00601;Кондиціонер AUX ASW-H09A4 ION;;;783,93;
ЦДУ-00602;Кондиціонер AUX ASW-H09A4 ION (3);;;783,93;
ЦДУ-00603;Кондиціонер AUX ASW-H09A4 ION(2);;;783,98;
ЦДУ-00604;Кондиціонер AUX ASW-H18A4;;;1 451,09;
ЦДУ-00605;Кондиціонер AUX ASW-H18A4(2);;;1 451,09;
ЦДУ-00606;Кондиціонер AUX ASW-H24A4;;;1 893,52;
ЦДУ-00607;Кондиціонер AUX ASW-H24A4(2);;;1 908,23;
ЦДУ-00608;Кондиціонер Haier;;;1 218,97;
ЦДУ-00609;Кондиціонер Samsung AR12HQFSAWKNER;;;1 516,35;
ЦДУ-00610;Кондиціонер Наіеr;;;1 218,97;
ЦДУ-00611;Контактна точкова зварка Eur Omega DN 25 №1;;;0,01;
ЦДУ-00612;Контактна точкова зварка Eur Omega DN 25 №2;;;0,01;
ЦДУ-00613;Контактна точкова зварка Eur Omega DN 25 №3;;;0,01;
ЦДУ-00614;Контактна точкова зварка Eur Omega DN 25 №4;;;0,01;
ЦДУ-00615;Контактна точкова зварка Eur Omega DN 25 №5;;;0,01;
ЦДУ-00616;Копі-картридж Xerox (101R00432) WC 5016/5020;;;589,88;
ЦДУ-00617;Коректор КПЛГ-1.02Р;;;0,01;
ЦДУ-00618;"Корпус для 3,5"" HDD/SDD CHIEFTEC External Box CEB-7035S";;;174,53;
ЦДУ-00619;Котел газовий Атон АОГВД 50х №1;;;3 605,53;
ЦДУ-00620;Котел газовий Атон АОГВД 50х №3;;;3 605,58;
ЦДУ-00621;Котел газовый Атон АОГВД 50х №2;;;3 605,58;
ЦДУ-00622;Котел Е 1,0-0,9Р;;;0,01;
ЦДУ-00623;Котел КОГВ-96;;;0,01;
ЦДУ-00624;Котел опалювальний сталевий водогрійний БТС-360 М;;;128 066,58;
ЦДУ-00625;Котел опалювальний сталевий водогрійний БТС-500 М;;;113 427,81;
ЦДУ-00626;Кран підкатний гідравлічний 1Т ТЗ1002;;;0,01;
ЦБ-003173;Крісло  соната С-38 12;9403          ;Товар;644,00;Меблі інші та їх частини
ЦБ-003174;Крісло  соната С-38 13;9403          ;Товар;644,00;Меблі інші та їх частини
ЦБ-003175;Крісло  соната С-38 14;9403          ;Товар;644,00;Меблі інші та їх частини
ЦБ-003176;Крісло  соната С-38 15;9403          ;Товар;644,00;Меблі інші та їх частини
ЦБ-003177;Крісло  соната С-38 16;9403          ;Товар;644,00;Меблі інші та їх частини
ЦБ-003178;Крісло  соната С-38 17;9403          ;Товар;644,00;Меблі інші та їх частини
ЦБ-003179;Крісло  соната С-38 18;9403          ;Товар;644,00;Меблі інші та їх частини
ЦБ-003180;Крісло  соната С-38 19;9403          ;Товар;644,00;Меблі інші та їх частини
ЦБ-003163;Крісло  соната С-38 2;9403          ;Товар;644,00;Меблі інші та їх частини
ЦБ-003181;Крісло  соната С-38 20;9403          ;Товар;644,00;Меблі інші та їх частини
ЦБ-003182;Крісло  соната С-38 21;9403          ;Товар;644,00;Меблі інші та їх частини
ЦБ-003183;Крісло  соната С-38 22;9403          ;Товар;644,00;Меблі інші та їх частини
ЦБ-003184;Крісло  соната С-38 23;9403          ;Товар;644,00;Меблі інші та їх частини
ЦБ-003185;Крісло  соната С-38 24;9403          ;Товар;644,00;Меблі інші та їх частини
ЦБ-003164;Крісло  соната С-38 3;9403          ;Товар;644,00;Меблі інші та їх частини
ЦБ-003165;Крісло  соната С-38 4;9403          ;Товар;644,00;Меблі інші та їх частини
ЦБ-003166;Крісло  соната С-38 5;9403          ;Товар;644,00;Меблі інші та їх частини
ЦБ-003167;Крісло  соната С-38 6;9403          ;Товар;644,00;Меблі інші та їх частини
ЦБ-003168;Крісло  соната С-38 7;9403          ;Товар;644,00;Меблі інші та їх частини
ЦБ-003169;Крісло  соната С-38 8;9403          ;Товар;644,00;Меблі інші та їх частини
ЦБ-003170;Крісло  соната С-38 9;9403          ;Товар;644,00;Меблі інші та їх частини
ЦДУ-00627;Крісло Веб сидіння Сітка чорна/ спинка Сітка сіра;;;247,13;
ЦДУ-00628;Крісло Веб сидіння Сітка чорна/ спинка Сітка сіра;;;241,95;
ЦДУ-00629;Крісло Веб сидіння Сітка чорна/ спинка Сітка сіра;;;241,95;
ЦДУ-00630;Крісло Новий стиль York P ECO-01;;;461,77;
ЦДУ-00631;Крісло соната С-38;;;165,17;
ЦДУ-00632;Крісло соната С-38;;;165,17;
ЦДУ-00633;Крісло соната С-38;;;165,17;
ЦДУ-00634;Кромкообрізний і згинальний станок (б/у 2009);;;55 336,24;
ЦДУ-00635;КСО-366-01-630;;;9 820,54;
ЦДУ-00636;КСО-366-01-630_;;;9 820,54;
ЦДУ-00637;КСО-366-04-630;;;4 197,74;
ЦДУ-00638;КСО-366-04-630 (1);;;4 197,70;
ЦДУ-00639;КСО-366-04-630_;;;4 197,74;
ЦДУ-00640;КСО-366-04-630_;;;4 197,74;
ЦДУ-00641;КСО-366-10-630;;;8 879,67;
ЦДУ-00642;КСО-366-10-630_;;;8 879,67;
ЦДУ-00643;Кутова полірувальна машинка WPO 12-27 Е;;;20 805,47;
ЦБ-001721;Кутова шліфмашина  Bosch Professional GWS 9-125 S(0601396102);8467295100    ;Импортированный товар;1 286,67;Дрилі всіх видів з електричним двигуном
ЦБ-001722;Кутова шліфмашина  Bosch Professional GWS 9-125 S(0601396102);8467295100    ;Импортированный товар;1 286,67;Дрилі всіх видів з електричним двигуном
ЦДУ-00644;Кутова шліфмашина Bosch GWS 9-125 S;;;401,29;
ЦДУ-00645;Кутова шліфмашина Bosch GWS 9-125 S {2};;;401,29;
ЦДУ-00646;Кутова шліфмашина Bosch Professional GWS 13-125 CIЕ -1;;;516,15;
ЦДУ-00647;Кутова шліфмашина GWS 11-125;;;401,29;
ЦДУ-00648;Кутова шліфмашина GWS 11-125;;;401,29;
ЦДУ-00649;Кутова шліфмашина GWS 9-125S / лазер;;;368,78;
ЦДУ-00650;Кутова шліфмашина GWS 9-125S/1;;;372,03;
ЦДУ-00651;Кутова шліфмашина GWS 9-125S/2;;;372,03;
ЦДУ-00652;Кутова шліфмашина GWS 9-125S/електрики;;;332,78;
ЦДУ-00653;Кутова шліфмашина Makita 9565VR;;;592,42;
ЦБ-003416;Кутомір маятниковий 3 УРИ-М (0-360 град.);9017 30 00 00 ;Импортированный товар;3 892,50;Мікрометри, штангенциркулі та калібри
ЦБ-003346;Кутомір універсальний оптичний У-127 (0-360 град.);9031499000    ;Импортированный товар;1 253,33;Прилади вимірювальні або контрольні оптичні
ЦДУ-00654;Кухня (КТБ);;;4 940,90;
ЦДУ-00655;Кухня (цех №2);;;2 443,93;
ЦДУ-00656;Кухня для столової заводу;;;2 260,27;
ЦДУ-00657;Лазерна розкрійна установка;;;29 483,96;
ЦДУ-00658;Лазерний станок 10 Вт;;;11 423,38;
ЦДУ-00659;Ламінатор Agent LM-A4 250 MD 3010218;;;527,82;
ЦДУ-00660;Лещата слюсарні 250мм (7200-3223) поворотні сталеві;;;2 291,67;
ЦДУ-00661;Лещата слюсарні 250мм (7200-3223) поворотні сталеві;;;1 706,84;
ЦБ-003314;Лещата слюсарні поворотні 150 мм;8205 70 00 00 ;Импортированный товар;735,00;Лещата, затискачі та аналогічні вироби
ЦДУ-00662;Лещата слюсарні стальн. Т-200 С;;;797,59;
ЦДУ-00663;Ліжко двухярусне з металевими спинками;;;226,19;
ЦДУ-00664;Ліжко двухярусне з металевими спинками;;;226,14;
ЦДУ-00665;Лінія електропередач (ЛЕП);;;70 447,10;
ЦДУ-00666;Лінія з виробництва садових шлангів;;;0,01;
ЦДУ-00667;Ліч. газ G25 GMS ф40 у 2 1:100;;;3 556,67;
ЦДУ-00668;Лічильник EMS 134.41.4 (AR+/-MR);;;2 131,25;
ЦДУ-00669;Лічильник газу ДУ 32 УЗ1;;;2 108,34;
ЦДУ-00670;Лічильник газу ДУ 4042;;;3 726,26;
ЦДУ-00671;Лічильник газу мембранный Г-10;;;2 649,17;
ЦДУ-00672;Лічильник довжини СД-21 С (з подачею сигн.);;;1 183,01;
ЦДУ-00673;Лічильник електроенергії 3 фазний/1;;;6 381,70;
ЦДУ-00674;Лічильник електроенергії 3 фазний/2;;;6 381,70;
ЦДУ-00675;Лоток А3 XEROX WC 5016;;;1 031,25;
ЦДУ-00676;Маршрутизатор Mikrotik RB951G-2HnD;;;506,09;
ЦДУ-00677;Маршрутизатор Mikrotik RB951G-2HnD;;;519,66;
ЦДУ-00678;Маршрутизатор Mikrotik RB951G-2HnD;;;523,65;
ЦДУ-00679;Маршрутизатор Mikrotik RB951G-2HnD;;;485,15;
ЦДУ-00680;Маршрутизатор Mikrotik RB951G-2HnD;;;421,71;
ЦДУ-00681;Маршрутизатор RouterBOARD 951Ui-2HnD (RouterOS L4) with power supply and case (EU);;;352,96;
ЦДУ-00682;Маршрутизатор безпровідний Mikrotik Routerboard RB951G-2HnD;;;502,33;
ЦДУ-00683;Масляний радіатор ELECTROLUX Shere EOH/M-6221;;;324,90;
ЦДУ-00684;Масляний радіатор ТЕРМІЯ DF-150P3-7;;;154,24;
ЦДУ-00685;Масляний радіатор ТЕРМІЯ Н1020;;;242,17;
ЦДУ-00686;Масляний радіатор ТЕРМІЯ Н1120;;;219,42;
ЦДУ-00687;Масляний радіатор ТЕРМІЯ С45-7F;;;144,65;
ЦДУ-00688;Матриця М.536.88.MOD.235;;;910,17;
ЦДУ-00689;Матриця М.536.88.СС;;;0,01;
ЦДУ-00690;Матриця М.537.88.MOD.600;;;910,17;
ЦДУ-00691;Матриця М.537.88.СС;;;0,01;
ЦБ-003383;Мачсляний радіатор ТЕРМІЯ Н0715;8516 29 10 00 ;Импортированный товар;985,25;Радіатори опалення електричні
ЦДУ-00692;Машина для дріблення пластмаси;;;0,01;
ЦДУ-00693;Машина для збалансування крильчатки;;;27 754,92;
ЦДУ-00694;Машина для пакування №1;;;1 983,49;
ЦДУ-00695;Машина для пакування коробок (1);;;9 753,53;
ЦДУ-00696;Машина для пакування коробок (2);;;9 753,48;
ЦДУ-00697;Машина для пакування коробок скотчем;;;9 901,07;
ЦДУ-00698;Машина для розмотування дроту ZDBX-1;;;5 514,93;
ЦДУ-00699;Машина для розмотування дроту ZDBX-10;;;21 140,59;
ЦДУ-00700;Машина для сверління отворів ( Hole screw machine);;;13 736,62;
ЦДУ-00701;Машина для установки скоб 30 мм;;;521,42;
ЦДУ-00702;Машина затиральна Biedronka ZB90K, двигун GX160,60-100 об/хв,диам. 980мм,85 кг;;;13 582,62;
ЦДУ-00703;Машина затиральна СО-170 ,2,2 КВТ;;;0,01;
ЦДУ-00704;Машина затиральна СО-170 ,3,1 КВТ;;;0,01;
ЦДУ-00705;Машина мозаічно-шліф. СО-199;;;0,01;
ЦДУ-00706;Машина снігоприбиральна W EXPERT 13076 HDT;;;6 926,39;
ЦДУ-00707;Машина шліфувальна Sparky MKL 710 CE;;;834,26;
ЦДУ-00708;Машина шліфувальна WFE450;;;1 973,45;
ЦДУ-00709;Меблі для КП;;;1 663,29;
ЦДУ-00710;Мегаометр UT512;;;930,91;
ЦДУ-00711;Мегаомметр ЕСО-210/2г.;;;4 147,92;
ЦДУ-00712;Мегаомметр прилад ЕС 0202/2-Г;;;601,56;
ЦДУ-00713;Мережеве сховище QNAP TS-231P;;;3 061,35;
ЦДУ-00714;Мережевий фільтр PowerPlant 5м 5 розеток;;;33,32;
ЦДУ-00715;Мережевий фільтр PowerPlant 5м 5 розеток;;;33,32;
ЦДУ-00716;Мережевий фільтр PowerPlant 5м 5 розеток;;;33,37;
ЦДУ-00717;Мережевий фільтр PowerPlant 5м 5 розеток;;;33,37;
ЦДУ-00718;Мережевий фільтр PowerPlant 5м 5 розеток;;;33,32;
ЦДУ-00719;Мережевий фільтр і подовжувач APC Essential SurgeArrest 5 outlets 230V Russia (P5B-RS);;;195,04;
ЦДУ-00720;Мережевий фільтр і подовжувач APC Essential SurgeArrest 5 outlets 230V Russia (P5B-RS);;;104,68;
ЦДУ-00721;Мережевий фільтр і подовжувач APC Essential SurgeArrest 5 outlets 230V Russia (P5B-RS);;;104,73;
ЦДУ-00722;Миючий пилосос IPC Portotecnica MIRAGE 1629;;;2 916,82;
ЦДУ-00723;Мікрохвильова піч ERGO EM-2075;;;234,02;
ЦДУ-00724;Мікрохвильова піч GORENJE MO-20 MW;;;276,14;
ЦДУ-00725;Мікрохвильова піч GORENJE MO-20 MW / 2;;;292,39;
ЦБ-003415;Мікрохвильова піч PANASONIC NN-SM221WZPE;8516500000    ;Импортированный товар;1 166,08;Кавоварки та чайники електричні
ЦДУ-00726;Міксер Forte HM;;;376,03;
ЦДУ-00727;Міксер TEFAL HT 410138 1;;;137,99;
ЦБ-003434;Міксер будівельний RZTK MX 1752;8467 29 85 00 ;Импортированный товар;1 399,42;Електричні ручні інструменти
ЦДУ-00728;Міксер СТАЛЬ ЕМ 1670- Р3 ( 68393 );;;275,96;
ЦДУ-00729;Міні MACH JET с порошковим насосом;;;24 261,91;
ЦДУ-00730;Модем GSM/GPRS;;;0,01;
ЦДУ-00731;Модем Zyxel ADSL2+з портами Ethernet та USB;;;487,59;
ЦДУ-00732;Молд для адаптора воздуховода Д120;;;0,01;
ЦДУ-00733;Молд для аккумуляторов холода;;;0,01;
ЦДУ-01605;Молд для аккумуляторов холода Kemping 400;8480 71 00 90 ;Импортированный товар;1 794,58;Форми для литва під тиском
ЦДУ-01606;Молд для аккумуляторов холода Kemping 400 (1);8480 71 00 90 ;Импортированный товар;1 794,58;Форми для литва під тиском
ЦДУ-00734;Молд для виробництва кронштейна панелі освітлення TL1000;;;0,01;
ЦДУ-00735;Молд для виробництва кронштейна фільтра;;;0,01;
ЦДУ-00736;Молд для втулки;;;0,01;
ЦДУ-00737;Молд для пелюстков адаптора воздуховода Д120;;;0,01;
ЦДУ-00738;Молд для пластикової засувки жирового фільтра;;;1 233,29;
ЦДУ-00739;молд на ABS заглушку;;;0,01;
ЦБ-003128;Молд на крыльчатку (WH);7326909890    ;Импортированный товар;6 000,00;
ЦДУ-00740;Молд на ПП комутаційну кришку ПП корпусу двомоторної витяжки TL;;;0,01;
ЦДУ-00741;Молд на ПП корпус двомоторної витяжки;;;0,01;
ЦДУ-00742;Молоток відбійний DEWalt, 30мм, шестигран.патрон,1600Вт, 35Дж.ю 16,9кг+зубило;;;4 237,07;
ЦДУ-00743;Монітор 1,9 Acer K202HQLb;;;471,72;
ЦДУ-00744;Монітор 1,9 Acer K202HQLb;;;476,03;
ЦДУ-00745;"Монітор 20 ""Samsung"" TFT P 2050 N";;;955,63;
ЦДУ-00746;"Монітор 20 ""Samsung"" TFT P 2050 N";;;955,63;
ЦДУ-00747;"Монітор 20 ""Samsung"" TFT P 2050 N";;;955,81;
ЦДУ-00748;"Монітор 20 ""Samsung"" TFT P 2050 N";;;955,81;
К0007297 ;"Монітор 21.5 ""BenQ GW2270 HM (9H/LEXLA.TBE)";8528 59 40 00 ;Импортированный товар;800,00;Монітори інші
ЦДУ-00749;"Монітор 22 ""PHILIPS 220E1SB1 Black";;;831,88;
ЦДУ-00750;"Монітор 22"" Samsung P 2250 TFT";;;1 042,02;
ЦДУ-00751;"Монітор 22"" Samsung P 2250 TFT";;;1 042,02;
ЦДУ-00752;"Монітор 22"" Samsung P 2250 TFT";;;1 094,32;
ЦДУ-00753;"Монітор 22"" Samsung P 2250 TFT";;;1 041,98;
ЦДУ-00754;"Монітор 22"" Samsung P 2250 TFT";;;1 042,02;
ЦДУ-00755;"Монітор 22"" Samsung P 2250 TFT";;;1 094,36;
ЦДУ-00756;"Монітор 22"" Samsung P 2250 TFT";;;1 094,32;
ЦДУ-00757;"Монітор 22"" Samsung P 2250 TFT";;;1 094,32;
ЦДУ-00758;"Монітор 22"" Samsung P 2250 TFT";;;1 094,36;
ЦДУ-00759;"Монітор 22"" Samsung P 2250 TFT";;;1 094,32;
ЦДУ-00760;"Монітор 22"" Samsung P 2250 TFT";;;1 042,02;
ЦДУ-00761;"Монітор Dell P2314H 58.4 cm (23"") LED monitor VGA, DVI-D,DP (1920x1080) Black EUR";;;1 326,88;
ЦДУ-00762;"Монітори/Монітор 19.5"" Dell P2014H Professional (858-BBBN)";;;817,76;
ЦДУ-00763;"Монітори/Монітор 19.5"" Dell P2014H Professional (858-BBBN)";;;817,76;
ЦДУ-00764;"Моноблок Dell Inspiron 3459 23,8"" FHD NT IPS Intel";;;2 928,57;
ЦДУ-00765;Моноблок Dell Inspiron One 2330 (210-39089);;;5 367,92;
ЦДУ-00766;Моноблок HP Pavilion 20-b150er;;;2 990,63;
ЦДУ-00767;Моноблок HP Pavilion 20-b150er;;;2 990,63;
ЦДУ-00768;Моноблок HP ProOne G1 400 AIO DD5U12EA;;;2 625,11;
ЦДУ-00769;Моноблок Lenovo S40-40 21/5FHD/Intel;;;2 698,07;
ЦБ-003400;Монтажна пилка Makita LW1401;8461 50 90 00 ;Импортированный товар;5 145,00;
ЦДУ-00770;МФУ А4 HP LJ V1522n;;;2 045,32;
ЦДУ-00771;Набор форм для формовки пенопласта;;;0,01;
ЦДУ-00772;Навантажувач LINDE H60T-1, с.н Н2Х396А00535, бувший у використанні, 2010 року випуску;;;206 506,12;
ЦДУ-00773;Навантажувач Still RC 40-18 Т, с.н. F54015B00033, бувший у використанні, 2011 року випуску;;;52 539,95;
ЦДУ-00774;Навантажувач Still RC 40-18 Т, с.н. F54015B00033, бувший у використанні, 2011 року випуску;;;76 877,87;
ЦДУ-00775;Накопичувач на жорстких магнітних дисках WD 2.5 SATA 3.0 0,32TB 5400 rpm 16Mb Cache Blue 7mm;;;0,01;
ЦДУ-00776;Накопичувач на жорстких магнітних дисках WD 3.5 SATA 3.0 1TB 7200 rpm 64Mb Cache Caviar Blue;;;0,01;
ЦДУ-00777;Напівавтомат зварювальний Telmig 203/2 turbo;;;4 780,42;
ЦДУ-00778;Напольний апарат для електроконтактного зварювання №1;;;5 849,85;
ЦДУ-00779;Напольний апарат для електроконтактного зварювання №2;;;5 849,85;
ЦДУ-00780;Напольний апарат для електроконтактного зварювання №3;;;5 849,85;
ЦДУ-00781;Напольний апарат для електроконтактного зварювання №4;;;5 849,85;
ЦДУ-00782;Напольний апарат для електроконтактного зварювання №5;;;5 849,85;
ЦДУ-00783;Насос;;;3 047,92;
ЦДУ-00784;Насос TERM WATER;;;3 561,25;
ЦДУ-00785;Насос агр. СМ 80-50-200/4а с ел.дв. 3/1500;;;1 976,57;
ЦДУ-00786;Насос агрегатний ЭЦВ 6-10-140;;;2 367,29;
ЦДУ-00787;Насос для плоско-шліфувального станка;;;1 332,74;
ЦДУ-00788;Насос дренажний DSP 550- PD;;;235,67;
ЦДУ-00789;Насос дренажний DSP 750 PD;;;219,50;
ЦДУ-00790;Насос дренажний DSP 750 PD(2);;;219,45;
ЦДУ-00791;Насосний агрегат СД 16/25 р ел. двигуном АИР 100S (4*3000);;;503,74;
ЦДУ-00792;Насосний агрегат СД16/25 з ел. дв.4кВТ*3000об/хв;;;458,33;
ЦДУ-00793;Насосний агрегат СМ 80-50-200б-4 с дв.3/1500;;;2 135,84;
ЦДУ-00794;Настільний апарат для електроконтактного зварювання №1;;;4 660,48;
ЦДУ-00795;Настільний апарат для електроконтактного зварювання №2;;;4 660,48;
ЦДУ-00796;Настільний апарат для електроконтактного зварювання №3;;;4 660,48;
ЦДУ-00797;Настільний апарат для електроконтактного зварювання №4;;;4 660,48;
ЦДУ-00798;Настільний апарат для електроконтактного зварювання №5;;;4 660,48;
ЦДУ-00799;"Настільний комп`ютер PC I3264 CI3-7100U 22""";;;3 386,17;
ЦДУ-00800;Неттопи та моноблоки HP Pavilion 23-b201er All-in-ONE (E3H55EA);;;4 114,51;
ЦДУ-00801;Неттопи та моноблоки/Dell Inspiron One 2330 (O233610DDL-13);;;5 501,43;
ЦДУ-00802;Неттопи та моноблоки/Dell Inspiron One 2330 (O233610DDL-13);;;5 568,12;
ЦДУ-00803;Неттопи та моноблоки/Lenovo ThinkCentre Edge 72z AIO (RCKJARU);;;3 274,25;
ЦДУ-00804;"НЖМД DELL 3.5 ""Near Line SAS 1ТВ 7,2К LFF hot-plug";;;1 442,01;
ЦДУ-00805;Ножниці гільйотинні с ножним приводом Eur Omega 37 №1;;;0,01;
ЦДУ-00806;Ножниці гільйотинні с ножним приводом Eur Omega 37 №2;;;0,01;
ЦДУ-00807;Ноутбук Dell Inspirion 5758 17/3/Intel Pen 3805U;;;2 532,48;
ЦДУ-00808;Ноутбук Dell Inspiron 3552 Black;;;1 260,83;
ЦДУ-00809;Ноутбук DELL Inspiron 3558;;;1 755,10;
ЦДУ-00810;Ноутбук DELL Inspiron 3558;;;1 872,48;
ЦДУ-00811;Ноутбук DELL Inspiron 5558;;;2 533,40;
ЦДУ-00812;Ноутбук Lenovo IdeaPad 320-15ІSK;;;2 208,45;
ЦДУ-00813;Ноутбук Lenovo IdeaPad 320-17ISK (80XJ002JRA) Platinum Gre;;;2 161,48;
ЦДУ-00814;Нутромер індикаторний НІ-10-18 кл.1;;;907,50;
ЦДУ-00815;Нутромер індикаторний НІ-18-50 кл.1;;;1 072,50;
ЦДУ-00816;Обладнання КНС і каналіз.мережі;;;59 538,41;
ЦДУ-00817;Овочерізка;;;113,61;
ЦДУ-00818;Одноканальний РОЕ інжектор PFT120;;;277,38;
ЦДУ-00819;Оптоволоконна лазерна система AFX-500;;;403 013,48;
ЦДУ-00820;Оснастка для ручних згинальних станікв №1;;;1 090,28;
ЦДУ-00821;Оснастка для ручних згинальних станікв №2;;;1 090,28;
ЦДУ-00822;Осушувач повітря МР 0120;;;1 405,66;
ЦДУ-00823;Охолоджувач води 3Р;;;6 875,01;
ЦДУ-00824;Пакувальний верстат;;;1 950,36;
ЦДУ-00825;Паркан;;;2 728,14;
ЦДУ-00826;Патрон токарний 3-250. 35 14 П;;;463,50;
ЦДУ-00827;Паяльна станція SOLDER SD 100;;;129,21;
ЦДУ-00828;Пенал індивідуальний (бук);;;168,53;
ЦДУ-00829;Пенал індивідуальний (бук);;;168,48;
ЦДУ-00830;Пенал індивідуальний (бук);;;168,48;
ЦДУ-00831;Перегородка в лазерной;;;1 616,98;
ЦДУ-00832;Перетворювач частоти 15кВт 380 В, ESMD153L4TX;;;0,01;
ЦДУ-00833;Персональний комп'ютер ARTLINE Business B10 v;;;802,91;
ЦДУ-00834;Персональний комп'ютер ARTLINE Business B21 v0;;;832,98;
ЦДУ-00835;"Персональний комп'ютер-моноблок Dell Inspiron 3464 23.8""FHD NT IOS Intel";;;4 966,69;
ЦДУ-00836;Перфоратор Makita HR4001C;;;0,01;
ЦДУ-00837;Пила Макіta 2414NB;;;1 280,49;
ЦДУ-00838;Пила Макіta 2414NB;;;1 739,97;
ЦДУ-00839;Пила Циркулярна MAKITA 5903R;;;1 512,50;
ЦДУ-00840;Пилесос Metabo ASR50LSC;;;812,65;
ЦДУ-00841;Пилка ланцюгова бензинова MTD GCS 4100/40+ Ланцюг Oregon, + Мастило 2-тактне MOL dynamic Sprint АХО;;;464,07;
ЦДУ-00842;Пилка стрічкова по металу;;;3 139,59;
ЦДУ-00843;Пилка циркулярна DeWalt , ручна ,1600 Вт диск 190х30 мм;;;0,01;
ЦДУ-00844;Пилосмок мультициклонний ЕVC-3650;;;192,59;
ЦДУ-00845;Пилосос Metabo ASR 50 L SC;;;3 754,44;
ЦДУ-00846;Пилосос Metabo ASR 50 L SC;;;3 754,44;
ЦДУ-00847;Пилосос MIR 1515 230/240-5/6РRT(1.38кВт) з аксес.;;;2 898,96;
ЦДУ-00848;Пилосос MIRAGE ST 1629 S2/240-5/60;;;2 804,45;
ЦДУ-00849;Пилосос SS1401, 1250 Вт, 230В, потік повітря 60 л/с 25л. 7,7 кг;;;1 382,70;
ЦДУ-00850;Пилосос Vertex VR-1600;;;362,95;
ЦДУ-00851;Підлогова вішалка Новий стиль Cactus Alu;;;81,03;
ЦДУ-00852;Пірометр AXIOMET AX-7530;;;457,19;
ЦДУ-00853;Пістолет гарячого повітря DeWalt 1800 Вт;;;0,01;
ЦДУ-00854;"Пістолет обдув. ""СТАРТ-50""";;;1 604,17;
ЦДУ-00855;"Пістолет обдув. ""СТАРТ-50""-2";;;2 108,34;
ЦДУ-00856;Пістолети пневматичні;;;1 762,02;
ЦДУ-00857;Пістолети пневматичні;;;1 762,02;
ЦДУ-00858;Пістолети пневматичні;;;1 762,06;
ЦБ-003352;Піч мікрохвильова побутова Toshiba MW-MM20P(WH)-P;8516500000    ;Импортированный товар;1 341,08;Кавоварки та чайники електричні
ЦДУ-00859;Піч полімеризації електрична вертикальная авто;;;0,01;
ЦДУ-00860;Піч сушки перед порошковим фарбуванням електрична;;;0,01;
ЦДУ-00861;Пічь муфельна СНОЛ 30/1300 И4А;;;5 027,37;
ЦДУ-00862;ПК-моноблок ASUS V221IDUK-BA011D 21.5FHD/Inter Pen;;;2 619,06;
ЦДУ-00863;"ПК-моноблок Dell Inspiron 3464 23.8""";;;4 395,93;
ЦДУ-00864;"ПК-моноблок Dell Inspiron 3464 23.8""";;;4 395,93;
ЦДУ-00865;"ПК-моноблок HP Pro 3520 20"" Intel G2030 500GB 2GB DVD-RW int WF web kb m DOS";;;3 323,93;
ЦДУ-00866;"ПК-моноблок HP Pro 3520 20"" Intel G2030 500GB 2GB DVD-RW int WF web kb m DOS";;;3 323,98;
ЦДУ-00867;Плита РР-Н AlphaPlus сіра екструд. 2000х1000х50 з 1 стор. захисною плівкою;;;2 267,56;
ЦДУ-00868;Плита РРН сіра екструд. 3000х1500х15 ммз 1 стор. захисною плівкою;;;1 260,46;
ЦДУ-00869;Плоскошліфовальний станок Euro Omega SG-8035;;;0,01;
ЦДУ-00870;Пневматична машина для розливу рідини SFGG-100KZ;;;7 260,01;
ЦДУ-00871;Пневматичний аплікатор W EPX 490 ML;;;966,03;
ЦБ-001718;"Пневмозаклепочник  JAT 6034   (3\2-3\16(2,4;3,2;4,8)";8467          ;Товар;1 735,83;Інструменти ручні з вбудованим електричним або неелектричним двигуном
ЦБ-001719;"Пневмозаклепочник  JAT 6034   (3\2-3\16(2,4;3,2;4,8)";8467          ;Товар;1 735,84;Інструменти ручні з вбудованим електричним або неелектричним двигуном
ЦБ-001720;"Пневмозаклепочник  JAT 6034   (3\2-3\16(2,4;3,2;4,8)";8467          ;Товар;1 735,83;Інструменти ручні з вбудованим електричним або неелектричним двигуном
ЦБ-003340;"Пневмозаклепочник  JATO YT-36171   (3\2-3\16(2,4;3,2;4,8)";8467190000    ;Импортированный товар;1 575,00;Дрилі всіх видів з електричним двигуном
ЦБ-003341;"Пневмозаклепочник  JATO YT-36171   (3\2-3\16(2,4;3,2;4,8)";8467190000    ;Импортированный товар;1 575,00;Дрилі всіх видів з електричним двигуном
ЦБ-003349;"Пневмозаклепочник  JATO YT-36171   (3\2-3\16(2,4;3,2;4,8)";8467190000    ;Импортированный товар;1 575,00;Дрилі всіх видів з електричним двигуном
ЦБ-003350;"Пневмозаклепочник  JATO YT-36171   (3\2-3\16(2,4;3,2;4,8)";8467190000    ;Импортированный товар;1 575,00;Дрилі всіх видів з електричним двигуном
ЦБ-003430;"Пневмозаклепочник 3/2-3/16 (2,4;3,2;4,8)";8467190000    ;Импортированный товар;2 583,33;Дрилі всіх видів з електричним двигуном
ЦБ-003331;"Пневмозаклепочник ANDRMAX AT 6015   (2,4;3,2;4,8)";8467          ;Товар;1 756,66;Інструменти ручні з вбудованим електричним або неелектричним двигуном
ЦБ-003332;"Пневмозаклепочник ANDRMAX AT 6015   (2,4;3,2;4,8)";8467          ;Товар;1 756,67;Інструменти ручні з вбудованим електричним або неелектричним двигуном
ЦДУ-00872;Пневмозаклепувач 3/2-3/16;;;483,50;
ЦДУ-00873;"Пневмозаклепувач 3/2-3/16 (2,4;3,2;4,8 мм)";;;495,29;
ЦДУ-00874;"Пневмозаклепувач 3/2-3/16 (2,4;3,2;4,8 мм)";;;495,29;
ЦДУ-00875;"Пневмозаклепувач 3/2-3/16 (2,4;3,2;4,8 мм)";;;495,29;
ЦДУ-00876;"Пневмозаклепувач 3/2-3/16 (2,4;3,2;4,8 мм)";;;495,29;
ЦДУ-00877;"Пневмозаклепувач 3/2-3/16 (2,4;3,2;4,8 мм)";;;483,50;
ЦДУ-00878;"Пневмозаклепувач 3/2-3/16 (2,4;3,2;4,8 мм)";;;495,29;
ЦДУ-00879;"Пневмозаклепувач 3/2-3/16 (2,4;3,2;4,8 мм)";;;557,79;
ЦДУ-00880;"Пневмозаклепувач 3/2-3/16 (2,4;3,2;4,8 мм)";;;557,79;
ЦДУ-00881;"Пневмозаклепувач 3/2-3/16 (2,4;3,2;4,8 мм)";;;495,29;
ЦДУ-00882;"Пневмозаклепувач 3/2-3/16 (2,4;3,2;4,8 мм)";;;495,29;
ЦДУ-00883;"Пневмозаклепувач 3/2-3/16 (2,4;3,2;4,8 мм) / 1";;;495,29;
ЦДУ-00884;"Пневмозаклепувач 3/2-3/16 (2,4;3,2;4,8 мм) / 2";;;495,29;
ЦДУ-00885;"Пневмозаклепувач 3/2-3/16 (2,4;3,2;4,8 мм) / 3";;;495,29;
ЦДУ-00886;"Пневмозаклепувач 3/2-3/16 (2,4;3,2;4,8 мм) / 4";;;495,29;
ЦДУ-00887;"Пневмозаклепувач 3/2-3/16 (2,4;3,2;4,8 мм) / контак. зварка";;;418,35;
ЦДУ-00888;"Пневмозаклепувач 3/2-3/16 (2,4;3,2;4,8 мм) / контак. зварюваня 2";;;418,35;
ЦДУ-00889;"Пневмозаклепувач 3/2-3/16 (2,4;3,2;4,8 мм) / сварка 1";;;418,35;
ЦДУ-00890;"Пневмозаклепувач 3/2-3/16 (2,4;3,2;4,8 мм) / сварка 2";;;418,35;
ЦДУ-00891;"Пневмозаклепувач 3/2-3/16 (2,4;3,2;4,8 мм) зборка";;;521,58;
ЦДУ-00892;"Пневмозаклепувач 3/2-3/16 (2,4;3,2;4,8 мм) зборка 1";;;521,58;
ЦДУ-00893;"Пневмозаклепувач 3/2-3/16 (2,4;3,2;4,8 мм) зборка 2";;;521,58;
ЦДУ-00894;"Пневмозаклепувач 3/2-3/16 (2,4;3,2;4,8 мм) зборка 3";;;521,58;
ЦДУ-00895;Пневмозаклепувач 3/2-3/16, 1,48;;;483,50;
ЦБ-001713;ПОВІТРОДУВКА GHG 23-66 +AC;8516 79 70 00 ;Импортированный товар;1 823,33;Електротермічні прилади побутові, інші
ЦДУ-00896;Повітронагрівач ПНП211-304;;;0,01;
ЦДУ-00897;Повітряна елетролінія ПЛ -10кВ;;;3 919,00;
ЦДУ-00898;Повітряно-гідравлічний прес ЧПУ НРВ 30/1300 NC-E2;;;0,01;
ЦДУ-00899;Поворотно-згинальний станок МРВ2500х2,5+Запчастини до Поворотно-згинального станка МРВ2500х2,5;;;632 252,83;
ЦДУ-00900;Пожежний резервуар ливарного цеху;;;3 193,43;
ЦДУ-00901;Пожежний резервуар механоскладального цеху;;;3 801,66;
ЦДУ-00902;Пожежний резервуар стержневого цеху;;;3 549,55;
ЦДУ-00903;Полірувальна машина Sparky РМ 2000Е;;;1 059,99;
ЦДУ-00904;Помпа роторна для рідин 1л/хід забірна трубка 32х956мм, шланг 32х1280 мм;;;0,01;
ЦДУ-00905;Пост охорони2;;;12 603,97;
ЦДУ-00906;Пральна машина;;;568,85;
ЦДУ-00907;Пральна машина Bosch WAE 20166 PL;;;1 216,79;
ЦДУ-00908;Прес J23-25A.25T;;;0,01;
ЦДУ-00909;Прес J23-40A.40T №1;;;0,01;
ЦДУ-00910;Прес J23-40A.40T №2;;;0,01;
ЦДУ-00911;Прес JC 21- 100.100T №1;;;0,01;
ЦДУ-00912;Прес JC 21- 100.100T №2;;;0,01;
ЦДУ-00913;Прес JC 21- 100.100T №3;;;0,01;
ЦДУ-00914;Прес JC 21- 160.160T №1;;;0,01;
ЦДУ-00915;Прес JC 21- 160.160T №2;;;0,01;
ЦДУ-00916;Прес JC23- 63.60T №1;;;0,01;
ЦДУ-00917;Прес JC23- 63.60T №2;;;0,01;
ЦДУ-00918;Прес JC23- 63.60T №3;;;0,01;
ЦДУ-00919;Прес JE 25- 250.250T;;;0,01;
ЦДУ-00920;Прес гідравлічний TRUMPF TRUMATIC TC 500R 1994р.;;;254 000,00;
ЦДУ-00921;Прес для обжимки кабеля 0,75-2,5 мм.кв.;;;3 574,22;
ЦДУ-00922;Прес для обжимки кабеля 2,5-4,0 мм.кв.;;;3 574,22;
ЦДУ-00923;Прес кривошипний;;;6,46;
ЦДУ-00924;Прес ручний для опресовування каб.наконечників 10-15;;;1 164,17;
ЦДУ-00925;"Прес форма для кришечок ""Campingaz""";;;11 458,35;
ЦДУ-00926;Прес форма для лопатки;;;8 340,85;
ЦДУ-00927;Прес чотириколонний гідравлічний одинарної дії JS-Y27-315T-B;;;0,01;
ЦДУ-00928;"Прес-форма ""Буфер"" (49 гнізд)";;;0,01;
ЦДУ-00929;"Прес-форма ""Вкладиш на ручку скла""";;;0,01;
ЦДУ-00930;"Прес-форма ""Вкладиш під ручку для скла"" s-6 мм (16 гнізд)";;;1 486,97;
ЦДУ-00931;"Прес-форма ""Вкладиш під ручку для скла"" s-8 мм (16 гнізд)";;;1 486,97;
ЦДУ-00932;"Прес-форма ""Вкладиш під ручку під метал""";;;0,01;
ЦДУ-00933;"Пресформа ""Заглушка TL glas"" № 04.005.00.00.000";;;11 802,33;
ЦДУ-00934;"Прес-форма ""Заглушка TL glas"" № 04.005.00.00.000";;;0,01;
ЦДУ-00935;"Прес-форма ""Ніжка упору"" (49 гнізд)";;;0,01;
ЦДУ-00936;"Прес-форма ""Ущільнювач на конфорку 01"" (1 гніздо)";;;0,01;
ЦДУ-00937;"Прес-форма ""Ущільнювач на конфорку 02"" (2 гнізда)";;;0,01;
ЦДУ-00938;Пресформа ГТВ (прокладка гумова каністра);;;1 937,01;
ЦДУ-00939;Пресформа для виготовлення крильчатки витяжки TL - права;;;25 419,84;
ЦДУ-00940;Прес-форма для виготовлення механічного блоку керування;;;3 306,31;
ЦДУ-00941;Пресформа для виробництва деталей витяжки WH;;;1 335,51;
ЦДУ-00942;Пресформа для виробництва корпусу моторної групи витяжки WH;;;69 392,03;
ЦДУ-00943;Пресформа для виробництва підкладки під кнопки блоку управління похилих витяжок;;;8 551,84;
ЦДУ-00944;"Пресформа для ГТI ""Гумове кільце""";;;4 010,42;
ЦДУ-00945;Прес-форма для гумового ущільнювача для LED світильників;;;1 174,48;
ЦДУ-00946;Прес-форма для гумового ущільнювача для LED світильників 2;;;1 174,48;
ЦДУ-00947;Пресформа для крильчатки витяжки WH;;;0,01;
ЦДУ-00948;Пресформа для лиття U-профілю;;;916,67;
ЦДУ-00949;"Пресформа для РТІ ""заглушка""";;;3 437,50;
ЦДУ-00950;Пресформа Корпус вимикача TL (1000);;;2 283,37;
ЦДУ-00951;Пресформа Крильчатка TL ліва;;;25 743,61;
ЦДУ-00952;Пресформа Крильчатка КН;;;6 850,54;
ЦДУ-00953;Прес-форма Кришка Кемпинг на дільниці ТПА;;;13 750,02;
ЦДУ-00954;Прес-форма на відро 12л (12L bucket mould);;;0,01;
ЦДУ-00955;Прес-форма на відро 20л (20L bucket mould);;;0,01;
ЦДУ-00956;Прес-форма на кришки для точкових світильників;;;0,01;
ЦДУ-00957;Пресформа Пластикова деталь для дверей духовки;;;1 712,86;
ЦДУ-00958;Прес-форма тримач кнопок для TL_;;;14 510,94;
ЦДУ-00959;Пресформа:магнітоутримувач;;;361,47;
ЦДУ-00960;Прилад для подачі дроту PF-3;;;4 595,78;
ЦДУ-00961;Приладдя Вольтрметр D-5015-2-0;;;1 409,38;
ЦДУ-00962;Приладдя Вольтрметр D-5015-2-0;;;1 409,38;
ЦДУ-00963;Приладдя Вольтрметр В7-21А;;;1 145,83;
ЦДУ-00964;Приладдя Вольтрметр В7-21А;;;1 145,83;
ЦДУ-00965;Принтер 3D;;;1 950,36;
ЦДУ-00966;"Принтер Citizen CL-S700, термотрансферний, 200 dpi, 4"", індустріальний";;;4 833,22;
ЦДУ-00967;Принтер GODEX EZ 1100 hlus;;;1 852,84;
ЦДУ-00968;Принтер GODEX EZ 1100 hlus;;;2 517,99;
ЦДУ-00969;Принтер GODEX EZ 1100 hlus;;;1 963,04;
ЦДУ-00970;Принтер GODEX EZ 1100 hlus;;;2 492,19;
ЦДУ-00971;Принтер GODEX EZ 1100 hlus / 1;;;1 844,71;
ЦДУ-00972;Принтер GODEX EZ 1100 hlus / 2;;;1 844,71;
ЦДУ-00973;Принтер HP OfficeJet K7103 A3;;;1 379,59;
ЦДУ-00974;Принтер LaserJet Р1006;;;839,62;
ЦДУ-00975;Принтер LaserJet Р1006;;;839,62;
ЦДУ-00976;Принтер LaserJet Р1006;;;839,62;
ЦДУ-00977;Принтер LaserJet Р1006;;;839,58;
ЦДУ-00978;Принтер Sauven 600;;;0,01;
ЦДУ-00979;Принтер Zebra ZD410 USB, USB Host;;;940,50;
ЦДУ-00980;Принтер Zebra ZD410 USB, USB Host;;;940,55;
ЦДУ-00981;Принтер А4 Epson L312;;;805,52;
ЦДУ-00982;Принтер етикеток Zebra LP2824 б/в;;;513,20;
ЦДУ-00983;Принтер етикеток Zebra LP2824 б/в (2);;;505,40;
ЦДУ-00984;Принтер етикеток Zebra LP2824 б/в (3);;;505,36;
ЦДУ-00985;Принтер НР 2727;;;812,65;
ЦДУ-00986;Принтер термотрансферний GK4201;;;1 431,24;
ЦДУ-00987;Пристосування і інструмент металооброб. верстатів;;;73 435,87;
ЦДУ-00988;Пристрій безперебійного живлення APS Back RS 8001;;;1 000,86;
ЦДУ-00989;Пристрій безперебійного живлення APS Back RS 8001;;;1 000,82;
ЦДУ-00990;Пристрій безперебійного живлення APS Back RS 8001;;;1 000,82;
ЦДУ-00991;Пристрій безперебійного живлення APS Back RS 8001;;;1 000,82;
ЦДУ-00992;Пристрій безперебійного живлення APS Back RS 8001;;;1 000,86;
ЦДУ-00993;Пристрій безперебійного живлення APS Back RS 8001;;;945,31;
ЦДУ-00994;Пристрій безперебійного живлення APS Back RS 8001;;;945,31;
ЦДУ-00995;Пристрій безперебійного живлення APS Back RS 8001;;;1 000,82;
ЦДУ-00996;Пристрій безперебійного живлення APS Back RS 8001;;;945,31;
ЦДУ-00997;Пристрій безперебійного живлення APS Back RS 8001;;;945,31;
ЦДУ-00998;Пристрій безперебійного живлення APS Back RS 8001;;;945,31;
ЦДУ-00999;Пристрій для гнуття деталей двері;;;0,01;
ЦДУ-01000;Пристрій спостереження Teltonika FMB920;;;0,01;
ЦДУ-01001;Пристрій спостереження за рухомими об'єктами ВІ-530R TREK;;;320,51;
ЦДУ-01002;Проектор Acer X1223H;;;1 778,84;
ЦДУ-01003;Просічно-витяжна машина;;;28 183,13;
ЦДУ-01004;Просічно-витяжна машина;;;28 183,13;
ЦДУ-01005;Просічно-витяжна машина;;;88 421,64;
ЦДУ-01006;Просічно-витяжна машина;;;17 428,15;
ЦДУ-01007;Просічно-витяжна машина;;;1 270,24;
ЦДУ-01008;Прохідна система заводу;;;11 205,14;
ЦДУ-01009;Процесор Intel Core i7-4790K 4.0GHz/5GT/s/8MB (BX80646I74790K) s 1150 BOX;;;4 946,98;
ЦДУ-01010;Процесор Intel Core i7-4790K 4.0GHz/5GT/s/8MB (BX80646I74790K) s 1150 BOX;;;4 947,03;
ЦДУ-01011;Процесор Pentium 2.8 Ghz+MB ASUS-корпус Codegen+накопичувач 16 Mb;;;1 093,72;
ЦДУ-01012;Процесор Pentium 2.8 Ghz+MB ASUS-корпус Codegen+накопичувач 16 Mb;;;1 093,72;
ЦДУ-01013;Пуансон Р.113.60.МОD.500;;;1 088,95;
ЦДУ-01014;Пуансон Р.113.60.МОD.500;;;1 088,95;
ЦДУ-01015;Пуансон Р.160.88.МОD.500;;;1 088,95;
ЦДУ-01016;"Пункт контролю ""Сигнал 1-2""";;;0,01;
ЦДУ-01017;Пуско-зарядний пристрій Дніпро-М JS-40;;;565,12;
ЦДУ-01018;Радіостанція TID-Electronics TD-V90 (136-174 МГц) + Гарнітура (1);;;612,98;
ЦДУ-01019;Радіостанція TID-Electronics TD-V90 (136-174 МГц) + Гарнітура (2);;;613,02;
ЦДУ-01020;Радіостанція TID-Electronics TD-V90 (136-174 МГц) + Гарнітура (3);;;613,02;
ЦДУ-01021;Радіостанція TID-Electronics TD-V90 (136-174 МГц) + Гарнітура (4);;;612,98;
ЦДУ-01022;Радіотермінал ВІ 868 TREK;;;393,62;
ЦДУ-01023;Радіотермінал системи стільникового зв'язку ЕТМ моделі Purple 3G /1;;;0,01;
ЦДУ-01024;Радіотермінал системи стільникового зв'язку ЕТМ моделі Purple 3G /2;;;0,01;
ЦДУ-01025;Ресивер Р900,800-04(1);;;0,01;
ЦДУ-01026;Ресивер Р900,800-04(2);;;0,01;
ЦДУ-01027;Ресивер Р900,800-04(3);;;1 866,49;
ЦДУ-01028;Ресивер Р900,800-04(4);;;1 866,49;
ЦДУ-01029;Ресивер Р900.800-04;;;1 700,92;
ЦДУ-01030;Ресивер РВ 900.800;;;4 436,02;
ЦДУ-01031;Ресивер РВ 900.800;;;3 721,30;
ЦДУ-01032;Ресивер РВ 900.800 (3);;;2 816,83;
ЦДУ-01033;РоЕ-адаптер MikroTik RBGPOE;;;43,22;
ЦДУ-01034;РоЕ-адаптер MikroTik RBGPOE;;;43,27;
ЦДУ-01035;РоЕ-адаптер TP-Link TL-POE10R;;;72,42;
ЦДУ-01036;Розпилювач електростатичний;;;962,50;
ЦДУ-01037;Розпилювач електростатичний;;;962,50;
ЦДУ-01038;Ручна установка для електростатичного нанесення з бункером50л. КМ 200;;;0,01;
ЦДУ-01039;Ручна установка для електростатичного нанесення с бункером 50л. КМ 200;;;0,01;
ЦДУ-01040;Ручна установка для нанесення порошкової фарби методом пульверизації;;;8 292,19;
ЦДУ-01041;Ручний гідравлічний штабелер MS1000/1600 Торгова марка ЕD MAERS;;;2 792,72;
ЦДУ-01042;Ручний згинальний станок Eur Omega 41/1.5 x 1050 №1;;;0,01;
ЦДУ-01043;Ручний згинальний станок Eur Omega 41/1.5 x 1050 №2;;;0,01;
ЦДУ-01044;Ручний згинальний станок Eur Omega 41/1.5 x 1050 №3;;;0,01;
ЦДУ-01045;Ручний згинальний станок Eur Omega 41/1.5 x 1050 №4;;;0,01;
ЦДУ-01046;Ручний згинальний станок Eur Omega 41/1.5 x 1050 №5;;;0,01;
ЦДУ-01047;Ручний згинальний станок Eur Omega 41/1.5 x 1050 №6;;;0,01;
ЦДУ-01048;Ручний згинальний станок Eur Omega 41/1.5 x 1060 №1;;;0,01;
ЦДУ-01049;Ручний згинальний станок Eur Omega 41/1.5 x 1060 №2;;;0,01;
ЦДУ-01050;Ручний згинальний станок Eur Omega 41/1.5 x 1060 №3;;;0,01;
ЦДУ-01051;Ручний згинальний станок Eur Omega 41/1.5 x 1060 №4;;;0,01;
ЦДУ-01052;Ручний згинальний станок Eur Omega 41/1.5 x 1060 №5;;;0,01;
ЦДУ-01053;Ручний згинальний станок Eur Omega 41/1.5 x 1060 №6;;;0,01;
ЦДУ-01054;Сварочний інвертор Днепр-М міні Мма 250 CDРВ;;;612,75;
ЦДУ-01055;Свердлильний верстат PBD 40 Standart, BOSH;;;1 499,76;
ЦДУ-01056;Сверлильний станок вертикального типу Euro Omega Z №1;;;0,01;
ЦДУ-01057;Сверлильний станок вертикального типу Euro Omega Z №2;;;0,01;
ЦДУ-01058;Сверлильний станок вертикального типу Euro Omega Z №3;;;0,01;
ЦДУ-01059;Сейф СО-106-11К (без касового відсіку);;;693,23;
ЦДУ-01060;Сейф СО-106-11К (без касового відсіку);;;693,23;
ЦДУ-01061;Сейф СО-106-11К (без касового відсіку);;;693,23;
ЦДУ-01062;Сейф СО-106-11К (без касового відсіку);;;693,23;
ЦДУ-01063;Сейф стінний 243Р 250*400*240мм;;;1 352,09;
ЦДУ-01064;Секції стелажу 62-63;;;10 032,60;
ЦДУ-01065;"Сервер Dell Power Edge R710/E5530 2.40GHz/48GB DDR3/8x2.5""/PERC6i/2 блока живлення";;;15 638,46;
ЦДУ-01066;Сервер Dell T610;;;28 010,53;
ЦДУ-01067;Система відеоспостреження ЗАВОД;;;22 808,25;
ЦДУ-01068;Система газопостачання топкової та інф. випромін.;;;6 328,54;
ЦДУ-01069;Система зворотного осмосу очистки питної води RO288W-220-EZ;;;3 379,66;
ЦДУ-01070;Система пожежної сигналізації;;;148 677,09;
ЦДУ-01071;Система теплозабезпечення;;;4 868,76;
ЦДУ-01072;Системний блок Dell Optiplex GX780/380/980;;;0,01;
ЦДУ-01073;Системний блок Dell Optiplex GX780/380/980;;;0,01;
ЦДУ-01074;Системний Блок НР;;;812,65;
ЦДУ-01075;Сканер QUICKSCAN LITE QW2100, USB Kit чорний;;;0,01;
ЦДУ-01076;Сканер штрих кода;;;430,24;
ЦДУ-01077;Сканер штрихкоду LS2208 кат. №SR200007R-UR в комплекті із стендом, кабелем;;;274,86;
ЦДУ-01078;Сканер штрихкоду LS2208 кат. №SR200007R-UR в комплекті із стендом, кабелем(2);;;274,86;
ЦДУ-01079;Сканер штрихкоду LS2208 кат. №SR200007R-UR в комплекті із стендом, кабелем(3);;;274,82;
ЦДУ-01080;Сканер штрих-коду Motorola Symbol LS2208(LS2208-SR20007R-UR;;;355,13;
ЦДУ-01081;Сканер штрихкоду Symbol LS2208 USB Б/В;;;170,77;
ЦДУ-01082;Сканер штрихкоду Symbol LS2208 USB Б/В;;;418,18;
ЦДУ-01083;Споттер для контактно-точечной сварки SPOT9000 380V;;;6 595,20;
ЦДУ-01084;Стабілізатор напруги SERVO 20кВА 380V;;;0,01;
ЦБ-003131;Стабілізатор напруги SVEN VB-A2000;9032890000    ;Импортированный товар;816,67;
ЦДУ-01085;Стабілізатор напруги Елекс Ампер У 12-3/25v2.0;;;17 487,50;
ЦДУ-01086;Стабілізатор напруги СНИЗ-20 кВА трьохфазний ІЕК;;;5 181,49;
ЦДУ-01087;Станок д/камня/керам 1,1Квт, Д250х25,4 мм;;;1 798,69;
ЦДУ-01088;Станок плоскошліфувальний ЗЛ 722;;;0,01;
ЦДУ-01089;Стелаж;;;145,57;
ЦДУ-01090;Стелаж (секція 12-19);;;23 447,02;
ЦДУ-01091;Стелаж (секція 1-4);;;12 351,53;
ЦДУ-01092;Стелаж (секція 24-28);;;14 776,22;
ЦДУ-01093;Стелаж (секція 29-31);;;8 441,49;
ЦДУ-01094;Стелаж (секція 32-35);;;11 996,66;
ЦДУ-01095;Стелаж (секція 36-40);;;14 929,31;
ЦДУ-01096;Стелаж (секція 41-44);;;11 489,93;
ЦДУ-01097;Стелаж (секція 45-47);;;8 415,74;
ЦДУ-01098;Стелаж (секція 48-51);;;14 057,44;
ЦДУ-01099;Стелаж (секція 52-54);;;9 612,31;
ЦДУ-01100;Стелаж (секція 55);;;5 023,06;
ЦДУ-01101;Стелаж (секція 56);;;2 459,91;
ЦДУ-01102;Стелаж (секція 5-7);;;8 949,02;
ЦДУ-01103;Стелаж (секція 57-61);;;22 269,06;
ЦДУ-01104;Стелаж (секція 8-11-20-23);;;23 830,23;
ЦДУ-01105;Стелаж складський;;;22 375,10;
ЦДУ-01106;Стелаж складський (конструкція);;;125 570,58;
ЦДУ-01107;"Стенд контролю поклейки скла ""на відрив"" поклейка скла";;;1 312,73;
ЦДУ-01108;Стіл;;;546,73;
ЦБ-003202;"Стіл  PR ""Solo"" 29/104-L1600(18мм) Дзерк. (Німфея Альба, Дуб Палєна)";9403          ;Товар;1 000,00;Меблі інші та їх частини
ЦБ-003204;"Стіл  PR ""Solo"" 29/104-L1600(18мм) Дзерк. (Німфея Альба, Дуб Палєна) 10";9403          ;Товар;1 000,00;Меблі інші та їх частини
ЦБ-003205;"Стіл  PR ""Solo"" 29/104-L1600(18мм) Дзерк. (Німфея Альба, Дуб Палєна) 11";9403          ;Товар;1 000,00;Меблі інші та їх частини
ЦБ-003206;"Стіл  PR ""Solo"" 29/104-L1600(18мм) Дзерк. (Німфея Альба, Дуб Палєна) 12";9403          ;Товар;1 000,00;Меблі інші та їх частини
ЦБ-003207;"Стіл  PR ""Solo"" 29/104-L1600(18мм) Дзерк. (Німфея Альба, Дуб Палєна) 13";9403          ;Товар;1 000,00;Меблі інші та їх частини
ЦБ-003208;"Стіл  PR ""Solo"" 29/104-L1600(18мм) Дзерк. (Німфея Альба, Дуб Палєна) 14";9403          ;Товар;1 000,00;Меблі інші та їх частини
ЦБ-003209;"Стіл  PR ""Solo"" 29/104-L1600(18мм) Дзерк. (Німфея Альба, Дуб Палєна) 15";9403          ;Товар;1 000,00;Меблі інші та їх частини
ЦБ-003210;"Стіл  PR ""Solo"" 29/104-L1600(18мм) Дзерк. (Німфея Альба, Дуб Палєна) 16";9403          ;Товар;1 000,00;Меблі інші та їх частини
ЦБ-003211;"Стіл  PR ""Solo"" 29/104-L1600(18мм) Дзерк. (Німфея Альба, Дуб Палєна) 17";9403          ;Товар;1 000,00;Меблі інші та їх частини
ЦБ-003212;"Стіл  PR ""Solo"" 29/104-L1600(18мм) Дзерк. (Німфея Альба, Дуб Палєна) 18";9403          ;Товар;1 000,00;Меблі інші та їх частини
ЦБ-003213;"Стіл  PR ""Solo"" 29/104-L1600(18мм) Дзерк. (Німфея Альба, Дуб Палєна) 19";9403          ;Товар;1 000,00;Меблі інші та їх частини
ЦБ-001671;"Стіл  PR ""Solo"" 29/104-L1600(18мм) Дзерк. (Німфея Альба, Дуб Палєна) 2";9403          ;Товар;1 000,00;Меблі інші та їх частини
ЦБ-003214;"Стіл  PR ""Solo"" 29/104-L1600(18мм) Дзерк. (Німфея Альба, Дуб Палєна) 20";9403          ;Товар;1 000,00;Меблі інші та їх частини
ЦБ-003215;"Стіл  PR ""Solo"" 29/104-L1600(18мм) Дзерк. (Німфея Альба, Дуб Палєна) 21";9403          ;Товар;1 000,00;Меблі інші та їх частини
ЦБ-003216;"Стіл  PR ""Solo"" 29/104-L1600(18мм) Дзерк. (Німфея Альба, Дуб Палєна) 22";9403          ;Товар;1 000,00;Меблі інші та їх частини
ЦБ-001672;"Стіл  PR ""Solo"" 29/104-L1600(18мм) Дзерк. (Німфея Альба, Дуб Палєна) 3";9403          ;Товар;1 000,00;Меблі інші та їх частини
ЦБ-001673;"Стіл  PR ""Solo"" 29/104-L1600(18мм) Дзерк. (Німфея Альба, Дуб Палєна) 4";9403          ;Товар;1 000,00;Меблі інші та їх частини
ЦБ-001674;"Стіл  PR ""Solo"" 29/104-L1600(18мм) Дзерк. (Німфея Альба, Дуб Палєна) 5";9403          ;Товар;1 000,00;Меблі інші та їх частини
ЦБ-001675;"Стіл  PR ""Solo"" 29/104-L1600(18мм) Дзерк. (Німфея Альба, Дуб Палєна) 6";9403          ;Товар;1 000,00;Меблі інші та їх частини
ЦБ-001676;"Стіл  PR ""Solo"" 29/104-L1600(18мм) Дзерк. (Німфея Альба, Дуб Палєна) 7";9403          ;Товар;1 000,00;Меблі інші та їх частини
ЦБ-001677;"Стіл  PR ""Solo"" 29/104-L1600(18мм) Дзерк. (Німфея Альба, Дуб Палєна) 8";9403          ;Товар;1 000,00;Меблі інші та їх частини
ЦБ-003203;"Стіл  PR ""Solo"" 29/104-L1600(18мм) Дзерк. (Німфея Альба, Дуб Палєна) 9";9403          ;Товар;1 000,00;Меблі інші та їх частини
ЦДУ-01109;Стіл 1;;;3 848,82;
ЦДУ-01110;Стіл 2;;;2 707,46;
ЦДУ-01111;Стіл 3;;;2 762,84;
ЦДУ-01112;Стіл 4;;;3 312,08;
ЦДУ-01113;Стіл 5;;;4 400,83;
ЦДУ-01114;Стіл вібраційний просівний;;;274,27;
ЦДУ-01115;Стіл для збирання дверей мод. 105-308;;;669,99;
ЦДУ-01428;Стіл для склейки дверей мод. 105-308;;;0,01;
ЦДУ-00081;Стіл для установки рамки шафи;;;0,01;
ЦДУ-01116;Стіл Індивідуальний (дуб родосс світлий);;;589,46;
ЦДУ-01117;Стіл Індивідуальний (дуб родосс світлий);;;589,51;
ЦДУ-01118;Стіл комбінований;;;835,59;
ЦДУ-01119;Стіл порізочний;;;0,01;
ЦДУ-01120;Стілець офісний ИЗО хром С11;;;95,89;
ЦДУ-01121;Стілець офісний ИЗО хром С11;;;95,89;
ЦДУ-01122;Стілець офісний ИЗО хром С11;;;95,89;
ЦДУ-01123;Стілець офісний ИЗО хром С11;;;95,89;
ЦДУ-01124;Стілець офісний ИЗО хром С11;;;95,89;
ЦДУ-01125;Стілець офісний ИЗО хром С11;;;95,89;
ЦДУ-01126;Стрепінг машина;;;0,01;
ЦДУ-01127;Стрічкова пила SMALL 300;;;0,01;
ЦДУ-01128;Таль електрична міні 220В,50Гц,500кг*12м;;;1 048,64;
ЦДУ-01129;Таль ручна ланцюгова 2тх3м;;;336,37;
ЦДУ-01130;Таль ручна ланцюгова 2тх3м;;;449,39;
ЦДУ-01131;Таль ручна шестерні стаціонарна г / п-2,0тн, Н-6,0;;;857,08;
ЦДУ-01132;Телевізор Romsat 55UMT16512T2;;;2 499,98;
ЦДУ-01133;Телефон NOKIA 2220;;;295,44;
ЦДУ-01134;Телефон Panasonic;;;195,04;
ЦДУ-01135;Телефон SIP-W52P;;;744,75;
ЦДУ-01136;Телефон SIP-Т19 Е2;;;341,31;
ЦДУ-01137;Телефон SIP-Т19 Е2;;;354,61;
ЦДУ-01138;Телефон SIP-Т19 Е2;;;323,77;
ЦДУ-01139;Телефон SIP-Т19 Е2;;;323,72;
ЦДУ-01140;Телефон SIP-Т19 Е2;;;344,58;
ЦДУ-01141;Телефон SIP-Т19 Е2;;;369,42;
ЦДУ-01142;Телефон SIP-Т19 Е2;;;369,42;
ЦДУ-01143;Телефон SIP-Т19 Е2;;;354,61;
ЦДУ-01144;Телефон SIP-Т19 Е2;;;323,72;
ЦДУ-01145;Телефон SIP-Т19 Е2;;;323,72;
ЦДУ-01146;Телефон SIP-Т19 Е2;;;323,72;
ЦДУ-01147;Телефон SIP-Т19 Е2;;;354,84;
ЦДУ-01148;Телефон SIP-Т19 Е2;;;465,90;
ЦДУ-01149;Телефон SIP-Т19 Е2;;;323,72;
ЦДУ-01150;Телефон SIP-Т19 Е2;;;372,17;
ЦДУ-01151;Телефон SIP-Т19 Е2;;;312,13;
ЦДУ-01152;Телефон SIP-Т19 Е2;;;465,94;
ЦДУ-01153;Телефон SIP-Т19 Е2;;;312,13;
ЦДУ-01154;Телефон SIP-Т19 Е2;;;323,72;
ЦДУ-01155;Телефон SIP-Т19 Е2;;;323,72;
ЦДУ-01156;Телефон SIP-Т19 Е2;;;465,90;
ЦДУ-01157;Телефон SIP-Т19 Е2;;;372,17;
ЦДУ-01158;Телефон SIP-Т19 Е2;;;372,17;
ЦДУ-01159;Телефон SIP-Т21P Е2;;;425,98;
ЦДУ-01160;Телефон Yealink SIP-Т19 Е2;;;369,42;
ЦДУ-01161;Телефон Yealink SIP-Т19 Е2;;;369,42;
ЦДУ-01162;Телефон-SIP-T19 E2;;;376,38;
ЦДУ-01163;Телефон-SIP-T19 E2;;;376,38;
ЦДУ-01164;Телефон-SIP-T19P;;;430,92;
ЦДУ-01165;Телефон-SIP-T19PE2;;;370,15;
ЦДУ-01166;Телефон-SIP-T19PE2;;;378,72;
ЦДУ-01167;Телефон-SIP-T19PE2;;;412,73;
ЦДУ-01168;Телефон-SIP-T21;;;385,00;
ЦДУ-01169;Телефон-SIP-T21;;;385,00;
ЦДУ-01170;Телефон-SIP-T21;;;385,00;
ЦДУ-01171;Телефон-SIP-T21PE2;;;446,92;
ЦДУ-01172;Телефон-SIP-W52Р;;;870,33;
ЦДУ-01173;Телефон-SIP-Т19 E2;;;344,58;
ЦДУ-01174;Тепловентилятор 12/6 кВт №1;;;1 176,08;
ЦДУ-01175;Тепловентилятор 12/6 кВт №2;;;1 176,08;
ЦДУ-01176;Тепловентилятор 12/6 кВт №3;;;1 176,08;
ЦДУ-01177;Тепловентилятор 12/6 кВт №4;;;1 176,08;
ЦДУ-01178;Тепловентилятор 12/6 кВт №5;;;1 176,08;
ЦДУ-01179;Тепловентилятор Термія-9000 380В;;;57 750,08;
ЦДУ-01180;"Теплогенератор ""Дракон-100"" 10";;;3 491,51;
ЦДУ-01181;"Теплогенератор ""Дракон-200""";;;1 444,71;
ЦДУ-01182;"Теплогенератор ""Дракон-200"" -1";;;3 491,51;
ЦДУ-01183;"Теплогенератор ""Дракон-200"" 11";;;0,01;
ЦДУ-01184;"Теплогенератор ""Дракон-200"" -2";;;3 491,51;
ЦДУ-01185;"Теплогенератор ""Дракон-200"" -3";;;3 491,51;
ЦДУ-01186;"Теплогенератор ""Дракон-200""12";;;0,01;
ЦДУ-01187;Теплогенератор для обігріву приміщень 200 кВт (1);;;16 821,00;
ЦДУ-01188;Теплогенератор для обігріву приміщень 200 кВт (2);;;16 821,00;
ЦДУ-01189;Теплообмінник пластинчатий ФП 04-Т-11 №1;;;2 342,09;
ЦДУ-01190;Теплообмінник пластинчатий ФП 04-Т-11 №2;;;2 342,09;
ЦДУ-01191;Термінал даних MC3090G, Laser, Color. 48 кл., СЕ5.0 БВ;;;2 326,50;
ЦДУ-01192;Термінал збору даних MC32N0 GUN 1D SE96X. A/B/G/N BT 512MB RA2GB ROM/М 28K HIGH CAPACITY BATT;;;6 491,38;
ЦДУ-01193;Термінал збору даних MC32N0 GUN 1D SE96X. A/B/G/N BT 512MB RA2GB ROM/М 28K HIGH CAPACITY BATT;;;5 704,38;
ЦДУ-01194;Термінал збору даних MC32N0 Gun, 1D SE96x, a/b/g/n, BT, 512MB RAM/2GB ROM, 28K, High Capacity Batt;;;6 257,38;
ЦДУ-01195;Термінал збору даних MC32N0 Gun, 1D SE96x, a/b/g/n, BT, 512MB RAM/2GB ROM, 28K, High Capacity Batt;;;6 257,38;
ЦДУ-01196;Термінал збору даних MC32N0 Gun, 1D SE96x, a/b/g/n, BT, 512MB RAM/2GB ROM, 28K, High Capacity Batt;;;5 370,30;
ЦДУ-01197;Термінал МС3190G, лазерний кольоровий, 28 кнопок;;;7 742,18;
ЦДУ-01198;Термопласт автомат DKM500, 500т (DKM500 Standart Injection Machine with B screw);;;0,01;
ЦДУ-01199;Термопластавтомат 150Т;;;0,01;
ЦДУ-01200;Термопластавтомат 150Т EuroOmega L-120;;;0,01;
ЦДУ-01201;Термопластавтомат 240Т;;;194 283,04;
ЦДУ-01202;Термопластавтомат 360Т;;;251 377,56;
ЦДУ-01203;Термопластавтомат 80Т EuroOmega L-88;;;0,01;
ЦБ-001714;Термопот MYSTERY MTP-2442;8516 71 00 00 ;Импортированный товар;758,33;Кавоварки та чайники електричні
ЦБ-001707;Термопот MYSTERY MTP-2442 -1;8516 71 00 00 ;Импортированный товар;758,33;Кавоварки та чайники електричні
ЦБ-001708;Термопот ROTEX RTP350-U - 2;8516 79 70 00 ;Импортированный товар;466,67;Електротермічні прилади побутові, інші
ЦДУ-01204;Термотрансферний принтер етикеток ZEBRA TLP 3844-Z канбани;;;677,93;
ЦДУ-01205;Термотунель ТТ-15-ПАП;;;0,01;
ЦДУ-01206;Термотунель УМТ Мегапак;;;3 087,84;
ЦДУ-01207;Термофен Metabo HE 23-650 Control;;;398,20;
ЦДУ-01208;Тестовий стіл лінії для збирання газових поверхностей;;;0,01;
ЦДУ-01209;Тестовое обаднання для лінії збирання;;;0,01;
ЦДУ-01210;Тестовое обаднання для лінії збирання;;;0,01;
ЦДУ-01211;Тонер-картридж Xerox (106R01277) WC 5016/5020;;;279,99;
ЦДУ-01212;Тонер-картридж Xerox (106R01277) WC 5016/5020(3);;;295,03;
ЦДУ-01213;Точильно-шліфувальний верстат моделі 3К632, б/в інв.№ 898;;;2 291,67;
ЦДУ-01214;"Точка доступу (зовнішня) MikroTik RBwAP2nD ""wAP (White)""";;;380,51;
ЦДУ-01215;"Точка доступу (зовнішня) MikroTik RBwAP2nD ""wAP (White)""";;;380,51;
ЦДУ-01216;Транспортер стрічковий 16000 мм х 1300 мм (1);;;58 259,01;
ЦДУ-01217;Транспортер стрічковий 16000 мм х 1300 мм (2);;;58 259,01;
ЦДУ-01218;Транспортер стрічковий 16000 мм х 1300 мм (3);;;58 259,00;
ЦДУ-01219;Транспортер стрічковий 16000 мм х 1300 мм (4);;;447 273,38;
ЦДУ-01220;Транспортер стрічковий 6000 мм;;;28 291,75;
ЦДУ-01221;Транспортна каретка №1;;;861,67;
ЦДУ-01222;Транспортна каретка №1;;;869,69;
ЦДУ-01223;Транспортна каретка №2;;;861,67;
ЦДУ-01224;Транспортна каретка №2;;;869,69;
ЦДУ-01225;Транспортна каретка №3;;;869,69;
ЦДУ-01226;Транспортна каретка №4;;;869,69;
ЦДУ-01227;Трансформатор зварювальний СТШ-252 (220В/380 В) СГД;;;0,01;
ЦДУ-01228;Трансформатор НТМІ-10;;;2 811,65;
ЦДУ-01229;Трансформатор СТШ-252/220+380В/пер/пост;;;3 465,00;
ЦДУ-01230;Трансформатор СТШ-256 250В/220+380В/;;;2 543,75;
ЦДУ-01231;Трансформатор СТШ-401 СГД;;;4 647,51;
ЦДУ-01232;Трансформатор ТМ - 1000/10/0,4_;;;50 416,73;
ЦДУ-01233;Трансформатор ТМ - 1000/10/0,4_;;;50 416,73;
ЦДУ-01234;Трансформатор ТМ 160;;;1 177,92;
ЦДУ-01235;Трансформатор ТОЛ-10 100/5 кл. т.0,5s;;;0,01;
ЦДУ-01236;Трансформатор ТОЛ-10 100/5 кл. т.0,5s;;;0,01;
ЦДУ-01237;Трансформатор ТС31-4,0 (380/36В);;;999,17;
ЦДУ-01238;Триборозпилювач русний до УРН-2;;;9 777,78;
ЦДУ-01239;Тумба індивідуальна (дуб родосс світлий);;;689,15;
ЦДУ-01240;"Тумба офісна ""ОН-37/3 стандарт (венге)";;;205,36;
ЦБ-003085;"Тумба офісна ""ОН-37/3 стандарт (венге) 1";9403          ;Товар;632,00;Меблі інші та їх частини
ЦБ-003093;"Тумба офісна ""ОН-37/3 стандарт (венге) 10";9403          ;Товар;632,00;Меблі інші та їх частини
ЦБ-003094;"Тумба офісна ""ОН-37/3 стандарт (венге) 11";9403          ;Товар;632,00;Меблі інші та їх частини
ЦБ-003095;"Тумба офісна ""ОН-37/3 стандарт (венге) 12";9403          ;Товар;632,00;Меблі інші та їх частини
ЦБ-003096;"Тумба офісна ""ОН-37/3 стандарт (венге) 13";9403          ;Товар;632,00;Меблі інші та їх частини
ЦБ-003097;"Тумба офісна ""ОН-37/3 стандарт (венге) 14";9403          ;Товар;632,00;Меблі інші та їх частини
ЦБ-003098;"Тумба офісна ""ОН-37/3 стандарт (венге) 15";9403          ;Товар;632,00;Меблі інші та їх частини
ЦБ-003099;"Тумба офісна ""ОН-37/3 стандарт (венге) 16";9403          ;Товар;632,00;Меблі інші та їх частини
ЦБ-003100;"Тумба офісна ""ОН-37/3 стандарт (венге) 17";9403          ;Товар;632,00;Меблі інші та їх частини
ЦБ-003101;"Тумба офісна ""ОН-37/3 стандарт (венге) 18";9403          ;Товар;632,00;Меблі інші та їх частини
ЦБ-003102;"Тумба офісна ""ОН-37/3 стандарт (венге) 19";9403          ;Товар;632,00;Меблі інші та їх частини
ЦБ-003086;"Тумба офісна ""ОН-37/3 стандарт (венге) 2";9403          ;Товар;632,00;Меблі інші та їх частини
ЦБ-003103;"Тумба офісна ""ОН-37/3 стандарт (венге) 20";9403          ;Товар;632,00;Меблі інші та їх частини
ЦБ-003104;"Тумба офісна ""ОН-37/3 стандарт (венге) 21";9403          ;Товар;632,00;Меблі інші та їх частини
ЦБ-003105;"Тумба офісна ""ОН-37/3 стандарт (венге) 22";9403          ;Товар;632,00;Меблі інші та їх частини
ЦБ-003087;"Тумба офісна ""ОН-37/3 стандарт (венге) 3";9403          ;Товар;632,00;Меблі інші та їх частини
ЦБ-003106;"Тумба офісна ""ОН-37/3 стандарт (венге) 4";9403          ;Товар;632,00;Меблі інші та їх частини
ЦБ-003088;"Тумба офісна ""ОН-37/3 стандарт (венге) 5";9403          ;Товар;632,00;Меблі інші та їх частини
ЦБ-003089;"Тумба офісна ""ОН-37/3 стандарт (венге) 6";9403          ;Товар;632,00;Меблі інші та їх частини
ЦБ-003090;"Тумба офісна ""ОН-37/3 стандарт (венге) 7";9403          ;Товар;632,00;Меблі інші та їх частини
ЦБ-003091;"Тумба офісна ""ОН-37/3 стандарт (венге) 8";9403          ;Товар;632,00;Меблі інші та їх частини
ЦБ-003092;"Тумба офісна ""ОН-37/3 стандарт (венге) 9";9403          ;Товар;632,00;Меблі інші та їх частини
ЦДУ-01241;Тура пересувна ВМ8 8,5х2х0,75;;;3 900,42;
ЦДУ-01242;Тягач електричний Jungheinrich EZS570 с. н. 91554523, бувший у використанні 2011 року випуску;;;30 821,56;
ЦДУ-01243;Углова шліфмашина Bosch GWS 9-125 S;;;349,43;
ЦДУ-01244;Углова шліфмашина Bosch GWS 9-125 S;;;349,43;
ЦДУ-01245;Ультразвукова зварювальна машина для пластику;;;17 917,19;
ЦДУ-01246;Универсальний фрезерний станок М-3S;;;0,01;
ЦБ-003429;Універсальна мийка Karcher K 2 Full Control (1.673-400.0);8424300890    ;Импортированный товар;2 682,75;
ЦДУ-01247;Установка для нагрівання пресс-форм Water Heater SMT- №2;;;0,01;
ЦДУ-01248;Установка для нагрівання прес-форм Water Heater SMT- №1;;;0,01;
ЦДУ-01249;Установка для охолодження прес-форм Water Chilter S №1;;;0,01;
ЦДУ-01250;Установка для охолодження прес-форм Water Chilter S №2;;;0,01;
ЦДУ-01251;Установка для сушки пластич.мас Hopper Drver SHD5 №1;;;0,01;
ЦДУ-01252;Установка для сушки пластич.мас Hopper Drver SHD5 №2;;;0,01;
ЦДУ-01253;Установка для фарбування пластич.мас Vertical Ba;;;0,01;
ЦДУ-01254;Установка пробойна УПУ - 10;;;4 583,34;
ЦДУ-01255;Устаткування для контролю електричних параметрів №1;;;17 842,34;
ЦДУ-01256;Устаткування для контролю електричних параметрів №2;;;17 842,34;
ЦДУ-01257;Устаткування для контролю електричних параметрів №3;;;17 842,34;
ЦДУ-01258;Устаткування для контролю параметрів №1;;;3 183,59;
ЦДУ-01259;Устаткування для контролю параметрів №2;;;3 183,59;
ЦДУ-01260;Устаткування для контролю параметрів №3;;;3 183,59;
ЦДУ-01261;Факс Panasonic;;;812,65;
ЦДУ-01262;Факс PANASONIC KXT-FT 932 UA-B;;;689,52;
ЦДУ-01263;Фен будівельний Makita HG5030K;;;260,05;
ЦДУ-01264;Фільтр -сепаратор 212-05RL Ду 80РУ 6;;;4 640,63;
ЦДУ-01265;Флагштоки;;;6 361,63;
ЦДУ-01266;Флеш пам'ять USB/Kingston Data Traveler Locker + G3 32GB (DTLPG3/32GB);;;277,11;
ЦДУ-01267;Форма для видування тари Кемпінг 400 мл №1;;;3 666,67;
ЦДУ-01268;Форма для видування тари Кемпінг 400 мл №2;;;3 666,67;
ЦДУ-01269;Форма для видування тари Кемпінг 750 мл №1;;;4 583,34;
ЦДУ-01270;Форма для видування тари Кемпінг 750 мл №2;;;4 583,34;
ЦДУ-01271;Форма для виробництва корпусу моторної групи (ліва частина);;;5 711,45;
ЦДУ-01272;Форма для виробництва корпусу моторної групи (права частина);;;5 711,45;
ЦДУ-01273;Форма для виробництва крильчатки;;;3 598,69;
ЦДУ-01274;Форма для формування пінопласту 1050x860 mm;;;22 005,07;
ЦДУ-01275;Форма для формування пінопласту 960x880 mm;;;13 674,76;
ЦДУ-01276;Фотоапарат цифр. Canon PawerShot A1100 IS ( зарядн. пристрій.-во +2 акум.+карта памяти 4Gb+чехол);;;884,72;
ЦДУ-01277;"Фотополімерна форма ""Витяжки"" 34 шт.";;;2 070,29;
ЦДУ-01278;Фотополімерна форма HBE 60 Slim , духовий шкаф;;;828,90;
ЦДУ-01279;Фотополімерні друкарські форми ЕА 50К;;;1 047,15;
ЦДУ-01280;Фотополімерні друкарські форми ЕА 50К;;;1 047,15;
ЦДУ-01281;Фотополімерні друкарські форми ЕА 60К;;;1 162,20;
ЦДУ-01282;Фотополімерні друкарські форми ЕА 60К;;;1 162,15;
ЦДУ-01283;Фрезерувальна машина ZH 2200;;;0,01;
ЦДУ-01284;Холодильник Atlant MXM-2835-95;;;1 054,17;
ЦДУ-01285;Холодильник BEKO RDSA 290M 20W;;;1 271,14;
ЦДУ-01286;Холодильник ВЕКО CSK 29000;;;1 749,00;
ЦДУ-01287;Цех стержнів (цех №2);;;255 823,45;
ЦБ-003399;Чайник TWK3A011;8516 71 00 00 ;Импортированный товар;495,25;Кавоварки та чайники електричні
ЦДУ-01288;Шафа 12U, 600x600x640мм;;;552,11;
ЦДУ-01289;Шафа відкрита S4-00-19;;;236,81;
ЦДУ-01290;Шафа відкрита S4-00-19;;;236,81;
ЦДУ-01291;Шафа для зберігання рамок (шофкографія);;;0,01;
ЦДУ-01292;Шафа для зберігання рамок (шофкографія)2;;;0,01;
ЦДУ-01293;Шафа для зберігання рамок (шофкографія)3;;;0,01;
ЦДУ-01294;Шафа для одягу одинарна ОШ1 30*500*1800, колір сірий(1);;;0,01;
ЦДУ-01295;Шафа для одягу одинарна ОШ1 30*500*1800, колір сірий(2);;;0,01;
ЦДУ-01296;Шафа для одягу одинарна ОШ1 30*500*1800, колір сірий(3);;;0,01;
ЦДУ-01297;Шафа для одягу одинарна ОШ1 30*500*1800, колір сірий(4);;;0,01;
ЦДУ-01298;Шафа настінна 1-секц. 4U 280*600*400мм;;;808,27;
ЦДУ-01299;Шафа настінна 1-секц. 6U 370*600*500мм;;;1 071,36;
ЦДУ-01300;Шафова уст. ШП-2 з РД-50;;;4 354,17;
ЦДУ-01301;Швонарізчик Masalta MF14-4;;;2 248,45;
ЦДУ-01302;Шинний міст (дляЛЕП);;;3 093,75;
ЦДУ-01303;Шинний міст (дляЛЕП)2;;;3 093,75;
ЦДУ-01304;Шкаф;;;2 745,51;
ЦБ-001723;Шліф. Машина Bosch GEX 125-1 (ексцентрикова);8467 29 59 00 ;Импортированный товар;1 490,83;Електричні ручні інструменти з вбудованим двигуном
ЦБ-003313;Шліф. машина Bosh GEХ 125-1 (ексцентрикова);8467 29 59 00 ;Импортированный товар;1 629,17;Електричні ручні інструменти з вбудованим двигуном
ЦДУ-01305;Шліф. машина Bosh GEХ 125-1 (ексцентрикова);;;402,14;
ЦДУ-01306;Шліф. машина Bosh GEХ 125-1 (ексцентрикова);;;402,10;
ЦДУ-01307;Шліф. машина Bosh GEХ 125-1 (ексцентрикова) / 1;;;402,10;
ЦДУ-01308;Шліф. машина Bosh GEХ 125-1 (ексцентрикова) / 2;;;402,10;
ЦДУ-01309;Шліф. машина Bosh GEХ 125-1 (ексцентрикова) зварка;;;385,63;
ЦБ-003317;Шліфмашина ексцентрикова Dnipro -M PE-50S;8467 29 59 00 ;Импортированный товар;875,00;Електричні ручні інструменти з вбудованим двигуном
ЦБ-003312;Шліфмашина ексцентрикова Dnipro-M PE-50S;8467 29 59 00 ;Импортированный товар;875,00;Електричні ручні інструменти з вбудованим двигуном
ЦДУ-01310;Шліфувальний стрічково-дисковий верстат BTS 700 ,230В,50Гц. 250 Вт Scheppach;;;545,42;
ЦДУ-01311;Штамп WH 10- Model1;;;9 906,58;
ЦДУ-01312;Штамп WH 10- Model2;;;9 906,58;
ЦДУ-01313;Штамп WH 10- Model3;;;12 383,22;
ЦДУ-01314;Штамп WH 10- Model4;;;14 364,54;
ЦДУ-01315;Штамп WH 10- Model5;;;12 383,22;
ЦДУ-01316;Штамп WH 10- Model6;;;9 906,58;
ЦДУ-01317;"Штамп вирубки, пробивки на деталь АКРО -500.100.01 ""Корпус""";;;0,01;
ЦДУ-01318;"Штамп вирубки, пробивки на деталь АКРО -500.100.02 ""Панель задня""";;;0,01;
ЦДУ-01319;"Штамп вирубки, пробивки на деталь АКРО -600.01.001 ""Купол верхній""";;;0,01;
ЦДУ-01320;"Штамп вирубки, пробивки на деталь АКРО -600.01.002 ""Панель задня""";;;0,01;
ЦДУ-01321;"Штамп вирубки, пробивки на деталь АКРО -600.01.005 ""Кутник фіксуючий""";;;0,01;
ЦДУ-01322;"Штамп вирубки, пробивки на деталь АКРО -600.04.001 ""Панель управління""";;;0,01;
ЦДУ-01323;Штамп вирубний для деталі боковина;;;0,01;
ЦДУ-01324;Штамп витяжний для варильної поверхні;;;20 122,47;
ЦБ-003485;Штамп гибки UNO, WH;8487 90 57 00 ;Импортированный товар;14 588,79;Частини машин або механічних пристроїв
ЦДУ-01325;Штамп для бічної панелі похилих витяжок;;;8 762,80;
ЦДУ-01326;Штамп для висічки (16052719) IcePack 400;;;405,90;
ЦДУ-01327;Штамп для висічки (16060133) IcePack 750;;;437,57;
ЦДУ-01328;Штамп для висічки ЕА 50К;;;453,38;
ЦДУ-01329;Штамп для висічки ЕА 60К;;;477,54;
ЦДУ-01330;Штамп для висічки КА-50;;;917,81;
ЦДУ-01331;Штамп для висічки КА-60;;;1 026,44;
ЦДУ-01332;Штамп для нижнього коробу витяжки( Semi cutting die);;;8 600,70;
ЦДУ-01333;Штамп для обрізки та згинання кутів;;;20 122,49;
ЦДУ-01334;Штамп для панели освещения наклонных вытяжек;;;8 600,70;
ЦДУ-01335;Штамп для патрубка Алюм.25 мм;;;789,41;
ЦДУ-01336;Штамп для перемикача Ф29 мм мц;;;655,42;
ЦДУ-01337;Штамп для пробивки отворів;;;20 122,49;
ЦДУ-01338;"Штамп для пробивки отворів в деталі ""Боковина""";;;0,01;
ЦДУ-01339;Штамп для розвальцьовування газового колектора (Mouth Blowing Mould);;;7 789,38;
ЦДУ-01340;Штамп для ручки Ф4 мм;;;3 425,65;
ЦДУ-01341;Штамп для сигнальних ламп Ф6 мм;;;655,42;
ЦДУ-01342;Штамп для формування отвору під галогеновую лампу;;;0,01;
ЦДУ-01343;Штамп для цифрового таймера Okida OT;;;3 127,37;
ЦДУ-01344;Штамп згинально-формувальний для деталі боковина;;;0,01;
ЦДУ-01345;Штамп Кронштейн каркаса светофильтра TL;;;1 546,72;
ЦДУ-01346;Штамп на каністру;;;8 600,70;
ЦДУ-01347;Штамп Перемичка;;;1 574,13;
ЦБ-003488;Штамп формовки «отбортовки» окна светофильтра панели верхней  WH/МН;8487 90 57 00 ;Импортированный товар;14 588,82;Частини машин або механічних пристроїв
ЦДУ-01348;Штангенрейсмас ШР-400 0,1 2;;;686,95;
ЦБ-003354;Штангенциркуль МИКРОТЕХ ШЦ-І-150 (0.02);9017          ;Товар;651,67;Інструменти креслярські, розмічальні або математичні розрахункові
ЦБ-003343;Штангенциркуль МИКРОТЕХ ШЦ-І-150 (0.02)(держреєстр) ;9017          ;Товар;651,67;Інструменти креслярські, розмічальні або математичні розрахункові
ЦБ-003344;Штангенциркуль МИКРОТЕХ ШЦ-І-150 (0.02)(держреєстр);9017          ;Товар;651,67;Інструменти креслярські, розмічальні або математичні розрахункові
ЦБ-003345;Штангенциркуль МИКРОТЕХ ШЦ-І-150 (0.02)(держреєстр);9017          ;Товар;651,67;Інструменти креслярські, розмічальні або математичні розрахункові
ЦБ-003336;Штангенциркуль МІКРОТЕХ ШЦ-І-150-0,005 ДР;9017          ;Товар;650,83;Інструменти креслярські, розмічальні або математичні розрахункові
ЦБ-003337;Штангенциркуль МІКРОТЕХ ШЦ-І-150-0,005 ДР;9017          ;Товар;650,83;Інструменти креслярські, розмічальні або математичні розрахункові
ЦБ-003338;Штангенциркуль МІКРОТЕХ ШЦ-І-150-0,005 ДР;9017          ;Товар;650,84;Інструменти креслярські, розмічальні або математичні розрахункові
ЦБ-003339;Штангенциркуль МІКРОТЕХ ШЦ-І-150-0,005 ДР;9017          ;Товар;650,83;Інструменти креслярські, розмічальні або математичні розрахункові
ЦБ-003333;Штангенциркуль МІКРОТЕХ ШЦ-І-150-0,05 ДР;9017          ;Товар;650,83;Інструменти креслярські, розмічальні або математичні розрахункові
ЦБ-003334;Штангенциркуль МІКРОТЕХ ШЦ-І-150-0,05 ДР;9017          ;Товар;650,84;Інструменти креслярські, розмічальні або математичні розрахункові
ЦБ-003335;Штангенциркуль МІКРОТЕХ ШЦ-І-250-0,05 ;9017          ;Товар;1 743,33;Інструменти креслярські, розмічальні або математичні розрахункові
ЦБ-003384;Штангенциркуль МІКРОТЕХ ШЦЦ-І-150-0,01(калібрування ISO 17025);9017          ;Товар;1 119,17;Інструменти креслярські, розмічальні або математичні розрахункові
ЦБ-003385;Штангенциркуль МІКРОТЕХ ШЦЦ-І-150-0,01(калібрування ISO 17025);9017          ;Товар;1 119,17;Інструменти креслярські, розмічальні або математичні розрахункові
ЦБ-003386;Штангенциркуль МІКРОТЕХ ШЦЦ-І-150-0,01(калібрування ISO 17025);9017          ;Товар;1 119,16;Інструменти креслярські, розмічальні або математичні розрахункові
ЦДУ-01349;Штанцформа (16083151) Шаблон монтажний 560*480;;;205,06;
ЦДУ-01350;Штанцформа (16090532) Шаблон монтажний 550*475;;;198,83;
ЦДУ-01351;Штанцформа 15051421 Вкладиш;;;156,57;
ЦДУ-01352;Штанцформа 15051422 515*60*27;;;325,23;
ЦДУ-01353;Штанцформа 15070323 615*60*27;;;363,50;
ЦДУ-01354;Штанцформа 15070947 Вкладиш;;;134,20;
ЦДУ-01355;Штанцформа 16071325 80*80;;;165,14;
ЦДУ-01356;Штанцформа 16082619 140*140;;;181,64;
ЦДУ-01357;Штанцформа 16082620 packing 55 75 75 100;;;210,47;
ЦДУ-01358;Штанцформа 16082624 packing 55 75 75 132;;;210,47;
ЦДУ-01359;Штанцформа 16082625 packing 55 75 100 132;;;218,72;
ЦДУ-01360;Штанцформа 16082626 packing_add_grids;;;189,84;
ЦДУ-01361;Штанцформа 16082627 packing_grid_644_left;;;276,38;
ЦДУ-01362;Штанцформа 16082628 packing_grid_644_right;;;280,50;
ЦДУ-01363;Штанцформа 16082629 packing_grids_640;;;445,36;
ЦДУ-01364;Штанцформа 16082630 packing_grids_641;;;457,74;
ЦДУ-01365;Штанцформа 16082631 packing_grids_643_part1;;;226,97;
ЦДУ-01366;Штанцформа 16082632 packing_grids_643_part2;;;214,59;
ЦДУ-01367;Штанцформа 16082633 packing_grid_646;;;358,83;
ЦДУ-01368;Штанцформа 16082634 packing_grids_647;;;577,23;
ЦДУ-01369;Штанцформа 1730701 R60.R910.NR.NR-Nv.NR-NG.KZ Margarita;;;101,70;
ЦДУ-01370;Штанцформа 18061838 вироб 130*70;;;263,86;
ЦДУ-01371;Штанцформа 18071814 616*343*149 кришко-дно;;;1 182,64;
ЦДУ-01372;Штанцформа 18082203 Сітка алюмінієва;;;83,65;
ЦДУ-01373;Штанцформа 18091427 сетка 264,5*232,5;;;94,60;
ЦДУ-01374;Штанцформа 18100316 фільтр жировий 432*205;;;116,78;
ЦДУ-01375;Штанцформа 18100317 фільтр жировий 532*205;;;128,75;
ЦДУ-01376;Штанцформа 18101124 фільтр жировий 316*227;;;114,35;
ЦДУ-01377;Штанцформа 18101125 фільтр жировий 316*277;;;108,21;
ЦДУ-01378;Штанцформа 18101126 фільтр жировий 320*209;;;108,21;
ЦДУ-01379;Штанцформа 18101127 фільтр жировий 320*259;;;114,35;
ЦДУ-01380;Штанцформа 18101128 фільтр жировий 293*227;;;108,21;
ЦДУ-01381;Штанцформа 18101129 фільтр жировий 293*227;;;114,35;
ЦДУ-01382;Штанцформа 18101130 фільтр жировий 135*295;;;132,78;
ЦБ-003316;Штанцформа 20100138;8441          ;Товар;2 383,33;Обладнання для обробки паперу чи картону
ЦБ-003278;Штанцформа 21030413 KH50 209x320;8441          ;Товар;457,63;Обладнання для обробки паперу чи картону
ЦБ-003279;Штанцформа 21030414 KH50 205x415;8441          ;Товар;506,39;Обладнання для обробки паперу чи картону
ЦБ-003282;Штанцформа 21031731 TL 60;8441          ;Товар;518,47;Обладнання для обробки паперу чи картону
ЦБ-003280;Штанцформа 21031732 WH-50_227X316;8441          ;Товар;421,76;Обладнання для обробки паперу чи картону
ЦБ-003281;Штанцформа 21031732 WH-60_227X316;8441          ;Товар;445,87;Обладнання для обробки паперу чи картону
ЦБ-003308;Штанцформа 21040610TL50_205*432;8441          ;Товар;482,22;Обладнання для обробки паперу чи картону
ЦБ-003309;Штанцформа 21040611MH50_227*293;8441          ;Товар;434,96;Обладнання для обробки паперу чи картону
ЦБ-003310;Штанцформа 21040612MH60_277*293;8441          ;Товар;458,59;Обладнання для обробки паперу чи картону
ЦБ-003436;Штанцформа 22100407 фільтр180*245;8441          ;Товар;482,07;Обладнання для обробки паперу чи картону
ЦБ-003442;Штанцформа 22122108;8441          ;Товар;626,44;Обладнання для обробки паперу чи картону
ЦБ-003443;Штанцформа 22122109;8441          ;Товар;780,00;Обладнання для обробки паперу чи картону
ЦДУ-01383;Штатив з магнітною основою MІКРОТЕХ ШТ-ІІ-Н2;;;216,01;
ЦДУ-01384;Шуруповерт акум. Bosch GSR 140 LI;;;564,99;
ЦДУ-01385;Шурупокрут акум. Bosch GSR 12 V BD;;;572,23;
ЦДУ-01386;Шурупокрут акум. Bosch GSR 12 V BD;;;572,23;
ЦДУ-01387;Шурупокрут акум. Bosch GSR 12 V BD;;;572,28;
ЦДУ-01388;Шурупокрут акум. Bosch GSR 12 V BD;;;572,23;
ЦДУ-01389;Шурупокрут акум. Bosch GSR 12 V BD;;;572,28;
ЦДУ-01390;Шурупокрут акум. Bosch GSR 140 LI /1;;;564,99;
ЦДУ-01391;Шурупокрут акум. Bosch GSR 140 LI/2;;;564,99;
ЦДУ-01392;Шурупокрут акум. Bosch GSR 140 LI/3;;;564,99;
ЦДУ-01393;Шурупокрут акум. Bosch GSR 140 LI/4;;;564,99;
ЦДУ-01394;Шурупокрут акум. Bosch PSR 1440 LI-2;;;527,75;
ЦДУ-01395;Шурупокрут акум. Bosch PSR 1440 LI-2;;;527,75;
ЦДУ-01396;Шурупокрут акум. Bosch PSR 1440 LI-2;;;527,75;
ЦДУ-01397;Шурупокрут акум. Bosch PSR 1440 LI-2;;;527,75;
ЦДУ-01398;Шурупокрут акум. Bosch PSR 1440 LI-2;;;527,75;
ЦДУ-01399;Шурупокрут акум. Bosch PSR 1440 LI-2;;;527,75;
ЦДУ-01400;Щит ввідно-розподільний;;;2 398,96;
ЦДУ-01401;Щит ввідно-розподільний;;;2 932,53;
ЦДУ-01402;Щит ВРП(нестанд.) ІР54;;;2 016,67;
ЦДУ-01403;Щит ЩО-06-1114 (6,12)_;;;14 901,58;
ЦДУ-01404;Щит ЩО-06-1114 (6,12)_;;;14 901,58;
ЦДУ-01405;Щит ЩО-06-1119 (7)_;;;5 265,57;
ЦДУ-01406;Щит ЩО-06-1314 (9)_;;;2 862,07;
ЦДУ-01407;Щит ЩО-06-1423 (10)_;;;6 475,57;
ЦДУ-01408;Щит ЩО-06-1423 (11)_;;;6 423,32;
ЦДУ-01409;Щит ЩО-06-1423 (13)_;;;6 615,82;
ЦДУ-01410;Щит ЩО-06-1423 (5)_;;;8 664,57;
ЦДУ-01411;Щит ЩО-06-1423 (8)_;;;5 531,63;
ЦДУ-01412;Электронный контроллер с мегаомметром;;;2 770,23;
ЦДУ-01413;Ящик електроуправління Я5112-2477-54УЗ с комплектую;;;531,67;
ЦДУ-01414;Ящик електроуправління Я5128-2474-54УЗ.1 с комплект №1;;;1 001,46;
ЦДУ-01415;Ящик електроуправління Я5128-2474-54УЗ.1 с комплект №2;;;1 001,46;
ЦДУ-01416;Ящик електроуправління Я5128-2474-54УЗ.1 с комплект №3;;;1 001,46;
ЦДУ-01417;Ящик електроуправління Я5128-2474-54УЗ.1 с комплект №4;;;1 001,46;
ЦДУ-01418;Ящик електроуправління Я5128-2474-54УЗ.1 с комплект №5;;;1 001,46;
ЦДУ-01419;Ящик електроуправління Я5128-2474-54УЗ.1 с комплект №6;;;1 001,46;
ЦДУ-01420;Ящик електроуправління Я5128-2474-54УЗ.1 с комплект №7;;;1 001,46;
ЦДУ-01421;Ящик електроуправління Я5128-2474-54УЗ.1 с комплект №8;;;1 001,46;
ЦДУ-01422;Ящик електроуправління Я5130-3074-54УЗ с комплектую №1;;;524,79;
ЦДУ-01423;Ящик електроуправління Я5130-3074-54УЗ с комплектую №2;;;524,79;
ЦДУ-00124;Автонавантажувач HYSTER S120 XLS,№D004V06118 P;;;113 636,48;
ЦДУ-00125;Автонавантажувач STL700 (Auto loader: STL700);;;0,01;
ЦДУ-00126;Автонавантажувач TOYOTA , 1500 кг;;;42 559,58;
